bodyId,type,type_lab,cluster,function,reference
10001,DNp01,DNp01,10,"escape takeoff, electrical","Lima 2005, Kennedy and Broadie 2018"
10010,DNp01,DNp01,10,"escape takeoff, electrical","Lima 2005, Kennedy and Broadie 2018"
10026,DNp18,DNp18,10,,
10030,pIP1,pIP1,10,,
10033,DNg56,DNg56,7,,
10038,pIP1,pIP1,10,,
10045,DNg100,DNg100,10,walking,Sapkal 2024
10048,DNp18,DNp18,10,,
10054,DNpe013,DNpe013,10,,
10056,DNg100,DNg100,10,walking,Sapkal 2024
10059,DNp20,DNp20,1,"flight (tuned to rotational flow fields), electrical","Suver , 2016"
10063,DNp27,DNp27,10,neuromodulatory,"Meiselman 2022 (im),Chen 2015 (im)"
10065,DNb05,DNb05,10,"fast locomotion (+ wing MNs), ipsiversive steering","Cande, J. 2018 & Yang 2023"
10068,DNp30,DNp30,10,feeding/hunger,Soderberg 2012
10069,AN07B004,AN07B004,1,,
10071,AN12B011,AN12B011,9,,
10087,ANXXX033,ANXXX033,7,,
10090,aSP22,aSP22,10,"courtship: proboscis extension, front leg reaching, abdomen bending",McKellar 2019
10091,DNpe042,DNpe042,10,,
10104,aSP22,aSP22,10,"courtship: proboscis extension, front leg reaching, abdomen bending",McKellar 2019
10106,DNp11,DNp11,10,escape_takeoff,Dombrovski 2023
10117,DNp02,DNp02,10,escape_takeoff,Dombrovski 2023
10118,DNb05,DNb05,10,"fast locomotion (+ wing MNs), ipsiversive steering","Cande, J. 2018 & Yang 2023"
10123,DNg30,DNg30,10,neuromodulatory,"ICLI, Jiang 2013 (im)"
10124,DNg105,DNg105,10,,
10131,DNg74_a,DNg74_a,10,,
10135,DNge031,DNge031,9,,
10141,DNg15,DNg15,4,,
10143,DNp30,DNp30,10,feeding/hunger,Soderberg 2012
10150,AN27X013,AN27X013,11,,
10151,DNge103,DNge103,10,,
10160,DNg90,DNg90,10,,
10162,DNp20,DNp20,1,"flight (tuned to rotational flow fields), electrical","Suver , 2016"
10163,DNge036,DNge036,9,,
10165,AN05B101,AN05B101,7,,
10177,DNg16,DNg16,10,,
10180,AN02A002,AN02A002,11,,
10192,DNg75,DNg75,10,walking,Sapkal 2024
10195,DNp29,DNp29,10,feeding/hunger,Krashes 2009
10197,DNp02,DNp02,10,escape_takeoff,Dombrovski 2023
10199,AN10B022,AN10B022,2,,
10213,DNge083,DNge083,10,,
10216,DNge037,DNge037,7,,
10218,DNg35,DNg35,10,,
10221,DNge037,DNge037,7,,
10223,DNpe056,DNpe056,10,,
10228,DNp06,DNp06,10,escape takeoff,Kim 2023
10234,DNp35,DNp35,10,escape takeoff,"Cheong, Eichler, Stürner 2024"
10236,DNg99,DNg99,4,,
10237,DNg30,DNg30,10,neuromodulatory,"ICLI, Jiang 2013 (im)"
10244,DNp55,DNp55,10,,
10245,DNp36,DNp36,10,song,"Yu 2010, Lillvis 2024"
10247,DNg74_a,DNg74_a,10,,
10249,DNp31,DNp31,10,,
10253,AN07B004,AN07B004,1,,
10259,DNp11,DNp11,10,escape_takeoff,Dombrovski 2023
10264,DNp31,DNp31,10,,
10274,DNg108,DNg108,10,,
10280,DNp47,DNp47,10,,
10281,DNg108,DNg108,10,,
10283,DNp103,DNp103,10,,
10286,DNpe053,DNpe053,8,,
10291,AN06B007,AN06B007,11,,
10295,DNg34,DNg34,8,octopamine,"Certel et al., 2010, Babski et al., 2024"
10296,DNge054,DNge054,10,,
10301,DNge050,DNge050,10,walking,Sapkal 2024
10304,DNge041,DNge041,10,,
10313,DNge031,DNge031,9,,
10336,DNg22,DNg22,8,"neuromodulatory, reproduction?",Song 2023 (im)
10341,DNp19,DNp19,3,,
10342,DNc02,DNc02,10,neuromodulatory,Martelli et al. 2017 (im)
10354,DNp73,DNp73,4,,
10360,DNa02,DNa02,10,turning during forwards walking,"Yang 2024, Rayshubskiy 2025"
10361,DNg40,DNg40,10,,
10366,DNp59,DNp59,10,,
10377,DNge054,DNge054,10,,
10379,DNa10,DNa10,10,,
10384,DNp63,DNp63,10,,
10388,DNp13,DNp13,8,song,"Wang 2020, Lillvis 2024"
10394,DNg98,DNg98,8,,
10411,DNb09,DNb09,10,,
10416,DNde002,DNde002,10,,
10417,DNp103,DNp103,10,,
10425,DNp10,DNp10,10,landing,Ache 2019
10433,DNp10,DNp10,10,landing,Ache 2019
10434,AN19B019,AN19B019,7,,
10440,DNg16,DNg16,10,,
10442,DNa01,DNa01,10,turning during forwards walking,Rayshubskiy 2025
10444,DNge035,DNge035,10,,
10446,DNp73,DNp73,4,,
10447,DNge138,DNge138,7,octopamine,Babski 2024
10449,DNpe025,DNpe025,10,,
10458,DNp13,DNp13,8,song,"Wang 2020, Lillvis 2024"
10460,DNa09,DNa09,1,,
10464,DNp08,DNp08,10,,
10469,DNbe001,DNbe001,10,,
10482,DNg35,DNg35,10,,
10499,DNge039,DNge039,9,,
10504,DNp62,DNp62,10,feeding/hunger,Soderberg 2012
10506,DNg37,DNg37,4,,
10512,ANXXX109,ANXXX109,3,,
10520,DNg74_b,DNg74_b,10,,
10527,DNpe017,DNpe017,10,,
10535,DNg37,DNg37,4,,
10536,DNg29,DNg29,4,,
10543,DNa16,DNa16,1,,
10544,DNg88,DNg88,7,,
10545,AN06B009,AN06B009,1,,
10548,DNg80,DNg80,8,,
10550,AN02A001,AN02A001,11,,
10552,DNp29,DNp29,10,feeding/hunger,Krashes 2009
10558,DNp35,DNp35,10,escape takeoff,"Cheong, Eichler, Stürner 2024"
10562,DNp26,DNp26,10,,
10575,DNde002,DNde002,10,,
10576,AN12B004,AN12B004,6,,
10577,DNg96,DNg96,7,,
10578,DNpe034,DNpe034,8,,
10580,DNp70,DNp70,10,,
10582,DNge040,DNge040,7,,
10584,DNp06,DNp06,10,escape takeoff,Kim 2023
10587,DNge011,DNge011,9,antennal grooming?,Hampel 2015
10589,DNp43,DNp43,10,,
10590,DNpe052,DNpe052,10,,
10592,AN08B012,AN08B012,12,,
10601,DNpe025,DNpe025,10,,
10620,AN08B007,AN08B007,12,,
10643,DNge059,DNge059,9,,
10649,DNp38,DNp38,10,,
10654,DNb01,DNb01,10,flight,Ros 2024
10662,DNge003,DNge003,9,,
10664,DNp33,DNp33,4,,
10668,DNge006,DNge006,1,,
10671,AN02A002,AN02A002,11,,
10672,DNae009,DNae009,10,,
10674,DNp59,DNp59,10,,
10676,DNg49,DNg49,0,,
10680,DNp48,DNp48,8,,
10686,DNge132,DNge132,4,,
10689,AN12B001,AN12B001,11,,
10692,AN05B101,AN05B101,7,,
10700,DNpe001,DNpe001,10,,
10703,DNge036,DNge036,9,,
10705,DNc02,DNc02,10,neuromodulatory,Martelli et al. 2017 (im)
10710,DNg102,DNg102,8,,
10711,DNb07,DNb07,10,,
10712,DNp36,DNp36,10,song,"Yu 2010, Lillvis 2024"
10713,DNp42,DNp42,10,walking?,Braun 2024?
10717,DNg93,DNg93,10,,
10724,DNp62,DNp62,10,feeding/hunger,Soderberg 2012
10727,DNpe002,DNpe002,10,,
10732,DNpe056,DNpe056,10,,
10734,DNg93,DNg93,10,,
10739,DNg24,DNg24,4,,
10740,DNge143,DNge143,0,,
10752,DNp03,DNp03,10,flight,Buchsbaum 2024
10759,DNb01,DNb01,10,flight,Ros 2024
10760,DNa01,DNa01,10,turning during forwards walking,Rayshubskiy 2025
10763,MDN,MDN,10,backwards walking,Bidaye 2014
10765,pMP2,pMP2,10,song,Lillvis 2024
10770,DNp23,DNp23,10,,
10775,AN01A089,AN01A089,3,,
10783,DNp09,DNp09,10,"defensive responses, forwards turning, halting ","Zacarias 2018, Bidaye 2020, Braun 2024?"
10797,AN12B001,AN12B001,11,,
10800,DNbe007,DNbe007,10,,
10805,DNb02,DNb02,1,steering,Braun 2024?
10810,DNp66,DNp66,10,,
10813,DNp43,DNp43,10,,
10822,DNge047,DNge047,11,,
10823,DNp48,DNp48,8,,
10833,DNge062,DNge062,9,,
10834,DNpe013,DNpe013,10,,
10837,DNa15,DNa15,1,flight,Ros 2024
10838,DNde005,DNde005,8,,
10840,AN19B017,AN19B017,1,,
10841,AN09B004,AN09B004,12,,
10842,CB0429,CB0429,10,,
10844,DNge053,DNge053,10,walking,Sapkal 2024
10846,DNge107,DNge107,3,,
10853,DNge049,DNge049,10,,
10856,DNge129,DNge129,7,,
10873,DNg39,DNg39,7,,
10884,DNa15,DNa15,1,flight,Ros 2024
10885,DNg88,DNg88,7,,
10888,DNb06,DNb06,10,steering,Yang 2024
10895,DNg90,DNg90,10,,
10922,AN08B010,AN08B010,11,,
10923,DNg40,DNg40,10,,
10924,DNa04,DNa04,1,,
10930,pMP2,pMP2,10,song,Lillvis 2024
10931,DNpe045,DNpe045,10,,
10952,DNge107,DNge107,3,,
10957,DNp69,DNp69,8,,
10959,DNg98,DNg98,8,,
10967,DNg70,DNg70,8,,
10968,DNp34,DNp34,10,,
10971,DNa11,DNa11,10,steering,Feng 2024
10975,DNa03,DNa03,1,steering,Feng 2024
10976,DNge146,DNge146,9,,
10979,DNge103,DNge103,10,,
10985,DNbe004,DNbe004,10,,
10989,DNp03,DNp03,10,flight,Buchsbaum 2024
10997,AN06B009,AN06B009,1,,
11002,DNae002,DNae002,1,,
11006,DNge129,DNge129,7,,
11011,AN07B018,AN07B018,11,,
11014,AN01A089,AN01A089,3,,
11020,DNp05,DNp05,10,escape takeoff,"Cheong, Eichler, Stürner 2024"
11028,DNb09,DNb09,10,,
11036,DNg80,DNg80,8,,
11048,DNge068,DNge068,9,,
11057,DNbe004,DNbe004,10,,
11063,DNge032,DNge032,10,,
11064,AN19B017,AN19B017,1,,
11065,DNp14,DNp14,10,reproduction?,Tomke
11066,DNa13,DNa13,10,,
11067,DNb06,DNb06,10,steering,Yang 2024
11072,DNp12,DNp12,8,,
11074,DNg13,DNg13,10,turning during forwards walking,Yang 2024
11075,DNg99,DNg99,4,,
11078,DNg96,DNg96,7,,
11088,DNp55,DNp55,10,,
11097,DNge067,DNge067,4,,
11098,DNg78,DNg78,0,,
11103,DNge141,DNge141,10,,
11111,DNbe003,DNbe003,10,,
11116,pIP10,pIP10,10,song,Lillvis 2024
11121,DNp52,DNp52,11,,
11127,DNge059,DNge059,9,,
11131,DNg70,DNg70,8,,
11133,DNp70,DNp70,10,,
11137,DNp04,DNp04,10,escape takeoff,Dombrovski 2023
11158,DNge026,DNge026,0,,
11159,DNp71,DNp71,10,,
11160,DNd02,DNd02,10,"walking related, slow locomotion, octopamine","Babski 2024, Cande, J. 2018"
11172,DNg32,DNg32,10,,
11173,DNg103,DNg103,5,,
11177,DNp09,DNp09,10,"defensive responses, forwards turning, halting ","Zacarias 2018, Bidaye 2020, Braun 2024?"
11179,DNge051,DNge051,9,,
11182,DNp101,DNp101,10,,
11198,DNg19,DNg19,11,,
11201,DNpe007,DNpe007,7,,
11204,DNp49,DNp49,10,,
11215,DNp15,DNp15,1,steering/walking,Erginkaya 2023 
11222,DNg111,DNg111,10,,
11223,DNg79,DNg79,10,,
11232,DNde003,DNde003,11,,
11233,DNa11,DNa11,10,steering,Feng 2024
11241,DNge143,DNge143,0,,
11246,DNbe006,DNbe006,10,,
11251,DNpe043,DNpe043,10,,
11256,DNge040,DNge040,7,,
11257,DNp45,DNp45,10,,
11258,DNd05,DNd05,10,,
11259,DNp68,DNp68,10,,
11261,DNp54,DNp54,10,,
11288,MDN,MDN,10,backwards walking,Bidaye 2014
11290,DNp66,DNp66,10,,
11297,DNbe003,DNbe003,10,,
11298,DNp49,DNp49,10,,
11302,DNg104,DNg104,10,octopamine,Babski 2024
11304,DNge042,DNge042,9,,
11310,DNge048,DNge048,10,,
11314,DNae003,DNae003,1,steering,Feng 2024
11332,MDN,MDN,10,backwards walking,Bidaye 2014
11334,DNpe045,DNpe045,10,,
11352,DNge027,DNge027,9,,
11365,DNbe007,DNbe007,10,,
11369,DNc01,DNc01,10,neuromodulatory,Martelli et al. 2017 (im)
11373,DNp102,DNp102,10,,
11374,DNg60,DNg60,9,halting,Sapkal 2024
11380,DNp14,DNp14,10,reproduction?,Tomke
11392,DNa08,DNa08,10,,
11410,DNpe023,DNpe023,11,,
11411,DNg31,DNg31,7,,
11420,DNge141,DNge141,10,,
11421,DNge048,DNge048,10,,
11422,ANXXX127,ANXXX127,11,,
11424,DNge026,DNge026,0,,
11425,CB0429,CB0429,10,,
11427,DNge101,DNge101,9,,
11431,AN05B102a,AN05B102a,5,pheromone,Kallman 2015
11438,DNp33,DNp33,4,,
11443,AN04B003,AN04B003,11,,
11458,DNge043,DNge043,10,,
11459,DNpe006,DNpe006,10,,
11466,DNge149,DNge149,10,octopamine,Babski 2024
11475,DNg27,DNg27,7,,
11479,DNb04,DNb04,3,,
11482,DNge065,DNge065,4,,
11486,DNd03,DNd03,10,"walking related,octopamine",Babski 2024
11491,DNde005,DNde005,8,,
11500,DNge043,DNge043,10,,
11502,DNge132,DNge132,4,,
11505,DNp54,DNp54,10,,
11508,AN02A001,AN02A001,11,,
11513,DNp07,DNp07,10,landing,Ache 2019
11527,DNg101,DNg101,10,,
11540,DNge152,DNge152,1,octopamine,Babski 2024
11554,DNp63,DNp63,10,,
11563,DNae001,DNae001,10,,
11568,ANXXX470,ANXXX470,5,taste,Kim 2017
11573,DNpe021,DNpe021,8,,
11575,DNge049,DNge049,10,,
11596,DNpe022,DNpe022,10,,
11598,DNg31,DNg31,7,,
11600,DNge084,DNge084,4,,
11604,AN05B004,AN05B004,8,,
11610,DNae007,DNae007,11,,
11613,DNp45,DNp45,10,,
11614,DNpe032,DNpe032,10,,
11616,ANXXX106,ANXXX106,3,,
11625,DNae005,DNae005,10,,
11632,DNpe052,DNpe052,10,,
11647,DNpe006,DNpe006,10,,
11653,DNg27,DNg27,7,,
11657,DNpe005,DNpe005,10,,
11662,DNp24,DNp24,7,,
11674,DNp68,DNp68,10,,
11676,DNg26,DNg26,7,terminate mating,Gautham 2024
11687,DNpe031,DNpe031,10,,
11693,DNd03,DNd03,10,"walking related,octopamine",Babski 2024
11704,DNp07,DNp07,10,landing,Ache 2019
11706,DNg111,DNg111,10,,
11713,DNg101,DNg101,10,,
11724,DNp64,DNp64,8,,
11733,AN08B018,AN08B018,2,,
11737,DNge073,DNge073,10,,
11739,DNde007,DNde007,10,,
11742,DNp104,DNp104,10,,
11765,DNge142,DNge142,8,neuromodulatory,Mollá-Albaladejo 2024
11770,DNae010,DNae010,1,,
11796,AN10B005,AN10B005,6,rest (leg proprioceptive),Chen 2023
11797,DNge041,DNge041,10,,
11814,DNa04,DNa04,1,,
11820,DNge123,DNge123,6,,
11821,DNge075,DNge075,12,,
11822,AN08B018,AN08B018,2,,
11830,DNa05,DNa05,1,flight,"Cheong, Eichler, Stürner 2024"
11846,DNp102,DNp102,10,,
11851,,na_1,8,,
11859,DNpe050,DNpe050,10,,
11867,AN08B018,AN08B018,2,,
11869,AN19A038,AN19A038,6,,
11872,DNp22,DNp22,1,ocellar,
11876,DNae003,DNae003,1,steering,Feng 2024
11881,DNge023,DNge023,7,,
11889,DNge065,DNge065,4,,
11916,DNbe005,DNbe005,11,,
11931,DNd04,DNd04,8,,
11944,DNpe026,DNpe026,10,,
11948,DNge142,DNge142,8,neuromodulatory,Mollá-Albaladejo 2024
11951,DNg38,DNg38,7,,
11955,DNae010,DNae010,1,,
11961,DNp57,DNp57,10,,
11965,DNge053,DNge053,10,walking,Sapkal 2024
11970,DNge042,DNge042,9,,
11976,AN27X017,AN27X017,7,,
11986,DNge018,DNge018,0,,
11998,AN09B017f,AN09B017f,5,pheromone,Clowney 2015
12000,DNge099,DNge099,11,,
12027,DNp101,DNp101,10,,
12030,DNg91,DNg91,1,,
12035,AN17A008,AN17A008,9,,
12038,DNg38,DNg38,7,,
12039,DNge135,DNge135,7,,
12043,DNg102,DNg102,8,,
12044,DNb08,DNb08,11,,
12069,DNp15,DNp15,1,steering/walking,Erginkaya 2023 
12075,DNb08,DNb08,11,,
12085,DNge136,DNge136,8,,
12089,DNde006,DNde006,11,,
12092,DNge027,DNge027,9,,
12102,DNp38,DNp38,10,,
12133,DNbe005,DNbe005,11,,
12134,DNp58,DNp58,8,,
12136,DNg102,DNg102,8,,
12143,AN01A055,AN01A055,3,,
12151,DNge138,DNge138,7,octopamine,Babski 2024
12154,AN12B004,AN12B004,6,,
12169,DNg87,DNg87,4,,
12170,DNge044,DNge044,9,,
12175,DNge099,DNge099,11,,
12177,DNpe050,DNpe050,10,,
12179,DNpe031,DNpe031,10,,
12188,DNg84,DNg84,4,,
12189,DNb08,DNb08,11,,
12198,AN17B013,AN17B013,3,,
12210,DNg68,DNg68,8,,
12214,DNg109,DNg109,7,,
12218,DNpe031,DNpe031,10,,
12219,DNg48,DNg48,4,,
12222,DNpe031,DNpe031,10,,
12223,DNpe027,DNpe027,10,,
12224,DNg14,DNg14,11,abdominal movement,Braun 2024?
12238,DNg32,DNg32,10,,
12239,DNbe002,DNbe002,10,,
12249,DNg104,DNg104,10,octopamine,Babski 2024
12256,DNge056,DNge056,9,,
12266,DNg43,DNg43,10,,
12286,AN05B102a,AN05B102a,5,pheromone,Kallman 2015
12299,DNg68,DNg68,8,,
12306,DNp22,DNp22,1,ocellar,
12307,DNg59,DNg59,4,,
12325,DNp67,DNp67,10,,
12335,AN06B007,AN06B007,11,,
12348,MDN,MDN,10,backwards walking,Bidaye 2014
12362,DNpe055,DNpe055,10,,
12364,DNge080,DNge080,9,,
12374,DNge140,DNge140,10,,
12378,DNge007,DNge007,11,,
12386,DNg84,DNg84,4,,
12389,DNp60,DNp60,10,,
12393,DNge001,DNge001,9,,
12394,DNge148,DNge148,0,,
12398,AN27X013,AN27X013,11,,
12405,DNge150,DNge150,8,octopamine,Babski 2024
12407,DNge136,DNge136,8,,
12421,DNpe055,DNpe055,10,,
12422,DNge100,DNge100,9,,
12435,DNp67,DNp67,10,,
12443,DNbe002,DNbe002,10,,
12447,DNge124,DNge124,7,,
12451,DNge128,DNge128,7,,
12453,DNg50,DNg50,8,,
12457,AN01B002,AN01B002,12,,
12465,DNg48,DNg48,4,,
12469,AN08B018,AN08B018,2,,
12470,DNge056,DNge056,9,,
12480,DNg26,DNg26,7,terminate mating,Gautham 2024
12484,DNge067,DNge067,4,,
12485,DNge125,DNge125,0,,
12490,DNd04,DNd04,8,,
12492,DNg78,DNg78,0,,
12493,DNge060,DNge060,11,,
12512,DNge010,DNge010,11,,
12516,DNge047,DNge047,11,,
12520,DNge028,DNge028,9,,
12536,AN08B018,AN08B018,2,,
12539,AN12B004,AN12B004,6,,
12548,AN05B097,AN05B097,7,,
12550,DNb08,DNb08,11,,
12559,AN06B014,AN06B014,0,,
12581,DNge069,DNge069,9,,
12583,DNg87,DNg87,4,,
12587,DNge004,DNge004,0,,
12590,DNg22,DNg22,8,"neuromodulatory, reproduction?",Song 2023 (im)
12597,AN27X021,AN27X021,5,,
12601,DNge122,DNge122,12,,
12610,DNg102,DNg102,8,,
12619,DNge007,DNge007,11,,
12620,DNp44,DNp44,10,,
12621,DNg56,DNg56,7,,
12622,DNge022,DNge022,9,,
12628,DNpe042,DNpe042,10,,
12635,DNg19,DNg19,11,,
12647,DNge125,DNge125,0,,
12665,DNg26,DNg26,7,terminate mating,Gautham 2024
12670,DNg71,DNg71,1,,
12673,AN06B011,AN06B011,6,walking,Fujiwara 2022
12675,DNg103,DNg103,5,,
12687,DNge113,DNge113,3,,
12700,AN06B011,AN06B011,6,walking,Fujiwara 2022
12705,DNge123,DNge123,6,,
12707,DNpe043,DNpe043,10,,
12714,DNb07,DNb07,10,,
12743,DNge101,DNge101,9,,
12750,DNge136,DNge136,8,,
12752,DNge080,DNge080,9,,
12753,DNpe003,DNpe003,10,,
12762,DNp41,DNp41,10,,
12767,DNb02,DNb02,1,steering,Braun 2024?
12770,AN12B004,AN12B004,6,,
12771,DNge135,DNge135,7,,
12772,AN08B018,AN08B018,2,,
12775,DNg26,DNg26,7,terminate mating,Gautham 2024
12781,DNge104,DNge104,12,,
12787,DNge033,DNge033,0,,
12788,DNae004,DNae004,1,,
12794,DNg44,DNg44,7,,
12801,DNa05,DNa05,1,flight,"Cheong, Eichler, Stürner 2024"
12818,DNge002,DNge002,0,,
12821,DNg54,DNg54,9,,
12831,DNpe030,DNpe030,7,,
12843,DNpe049,DNpe049,7,,
12850,DNge070,DNge070,0,,
12860,DNg44,DNg44,7,,
12868,ANXXX027,ANXXX027,12,,
12869,DNge098,DNge098,9,,
12874,DNde001,DNde001,10,,
12885,DNpe020,DNpe020,10,,
12886,DNg54,DNg54,9,,
12894,DNge011,DNge011,9,antennal grooming?,Hampel 2015
12897,ANXXX120,ANXXX120,2,,
12914,AN19A038,AN19A038,6,,
12933,AN08B014,AN08B014,11,,
12941,DNge137,DNge137,7,,
12944,DNpe001,DNpe001,10,,
12976,AN05B007,AN05B007,9,,
12982,DNg91,DNg91,1,,
12995,DNde003,DNde003,11,,
12996,AN19B036,AN19B036,6,,
13006,DNge076,DNge076,9,,
13008,DNge140,DNge140,10,,
13022,DNge139,DNge139,8,,
13026,AN08B014,AN08B014,11,,
13030,DNge006,DNge006,1,,
13034,DNg95,DNg95,10,,
13041,ANXXX027,ANXXX027,12,,
13045,DNge086,DNge086,0,,
13047,DNge133,DNge133,4,,
13061,AN08B032,AN08B032,12,,
13065,DNge084,DNge084,4,,
13092,DNp60,DNp60,10,,
13096,DNge018,DNge018,0,,
13104,DNpe030,DNpe030,7,,
13130,DNg105,DNg105,10,,
13133,DNge088,DNge088,1,,
13135,DNge122,DNge122,12,,
13137,AN03A008,AN03A008,11,,
13166,AN08B012,AN08B012,12,,
13176,DNg85,DNg85,4,,
13178,DNge039,DNge039,9,,
13181,ANXXX027,ANXXX027,12,,
13186,DNge028,DNge028,9,,
13188,DNg81,DNg81,0,,
13189,AN08B018,AN08B018,2,,
13212,DNp53,DNp53,1,,
13218,DNg95,DNg95,10,,
13229,DNg41,DNg41,1,,
13245,DNp46,DNp46,10,,
13249,DNpe034,DNpe034,8,,
13254,"DNp51,DNpe019","DNp51,DNpe019",1,,
13257,DNp25,DNp25,10,,
13268,DNg52,DNg52,1,,
13277,DNg86,DNg86,1,,
13278,DNge076,DNge076,9,,
13295,DNge033,DNge033,0,,
13317,DNg33,DNg33,8,,
13337,AN08B020,AN08B020,11,,
13341,AN09B017e,AN09B017e,5,pheromone,Clowney 2015
13348,DNg20,DNg20,4,,
13364,DNge022,DNge022,9,,
13366,DNde001,DNde001,10,,
13377,DNg86,DNg86,1,,
13378,ANXXX057,ANXXX057,12,,
13381,ANXXX027,ANXXX027,12,,
13399,ANXXX093,ANXXX093,5,,
13403,DNp21,DNp21,8,,
13410,DNa14,DNa14,10,,
13432,DNg66,DNg66,8,octopamine,Babski 2024
13442,DNg33,DNg33,8,,
13443,DNge096,DNge096,9,,
13444,DNg51,DNg51,3,,
13445,DNge046,DNge046,6,,
13465,ANXXX102,ANXXX102,11,,
13471,ANXXX068,ANXXX068,0,,
13489,AN08B018,AN08B018,2,,
13492,DNge019,DNge019,9,,
13499,DNge106,DNge106,11,,
13503,AN12B017,AN12B017,11,,
13507,DNg51,DNg51,3,,
13508,DNg17,DNg17,9,,
13509,DNa08,DNa08,10,,
13514,DNae008,DNae008,10,,
13525,DNge096,DNge096,9,,
13527,ANXXX027,ANXXX027,12,,
13538,AN03A008,AN03A008,11,,
13539,,na_2,3,,
13552,AN07B018,AN07B018,11,,
13568,DNg41,DNg41,1,,
13570,DNge063,DNge063,10,,
13578,ANXXX109,ANXXX109,3,,
13580,ANXXX027,ANXXX027,12,,
13585,DNg34,DNg34,8,octopamine,"Certel et al., 2010, Babski et al., 2024"
13586,DNpe049,DNpe049,7,,
13615,DNbe006,DNbe006,10,,
13622,DNg73,DNg73,0,,
13624,DNg62,DNg62,9,antennal grooming,"Braun 2024?, Hampel 2015"
13625,DNge137,DNge137,7,,
13627,DNge082,DNge082,7,,
13633,DNg43,DNg43,10,,
13638,DNge002,DNge002,0,,
13649,DNg79,DNg79,10,,
13652,DNge038,DNge038,7,,
13656,AN04B003,AN04B003,11,,
13657,AN12B019,AN12B019,6,,
13685,DNge008,DNge008,3,,
13693,AN09B017e,AN09B017e,5,pheromone,Clowney 2015
13700,DNg51,DNg51,3,,
13714,ANXXX057,ANXXX057,12,,
13734,ANXXX102,ANXXX102,11,,
13743,DNg51,DNg51,3,,
13745,DNpe035,DNpe035,7,,
13758,AN06B040,AN06B040,0,,
13759,DNge010,DNge010,11,,
13771,AN06B004,AN06B004,11,,
13780,AN19B036,AN19B036,6,,
13785,AN09B004,AN09B004,12,,
13792,AN12B019,AN12B019,6,,
13795,DNge100,DNge100,9,,
13803,DNg61,DNg61,9,,
13805,DNg97,DNg97,10,walking,Sapkal 2024
13815,DNpe026,DNpe026,10,,
13826,DNge137,DNge137,7,,
13827,AN08B018,AN08B018,2,,
13833,ANXXX120,ANXXX120,2,,
13845,AN17A026,AN17A026,12,backwards walking,Sen 2019
13852,DNge069,DNge069,9,,
13854,DNg89,DNg89,0,,
13857,DNge139,DNge139,8,,
13873,DNa14,DNa14,10,,
13878,AN17B008,AN17B008,3,,
13883,AN17B005,AN17B005,11,,
13888,DNge172,DNge172,8,reproduction,Braun 2024??
13891,DNg106,DNg106,4,,
13901,AN27X015,AN27X015,11,,
13922,DNb02,DNb02,1,steering,Braun 2024?
13929,AN08B018,AN08B018,2,,
13952,DNg63,DNg63,12,,
13964,,na_3,7,,
13978,DNg79,DNg79,10,,
13994,DNge172,DNge172,8,reproduction,Braun 2024??
13996,DNge131,DNge131,11,,
14010,AN17A026,AN17A026,12,backwards walking,Sen 2019
14014,AN17A002,AN17A002,12,,
14016,AN08B020,AN08B020,11,,
14024,AN17B008,AN17B008,3,,
14026,AN05B004,AN05B004,8,,
14029,DNp65,DNp65,8,,
14034,AN06B004,AN06B004,11,,
14046,DNg42,DNg42,1,,
14048,DNg52,DNg52,1,,
14063,AN27X003,AN27X003,11,,
14067,DNpe003,DNpe003,10,,
14081,AN08B022,AN08B022,11,,
14085,AN09B012,AN09B012,11,,
14095,ANXXX250,ANXXX250,1,,
14096,DNpe003,DNpe003,10,,
14098,DNge044,DNge044,9,,
14113,AN19A018,AN19A018,11,halting,Sapkal 2024
14114,DNg69,DNg69,11,,
14115,AN10B018,AN10B018,11,,
14119,AN09B023,AN09B023,12,,
14121,AN08B010,AN08B010,11,,
14141,DNg42,DNg42,1,,
14151,DNp24,DNp24,7,,
14152,DNpe041,DNpe041,10,,
14154,DNg76,DNg76,0,,
14157,DNge173,DNge173,9,,
14193,AN10B019,AN10B019,6,,
14196,AN10B019,AN10B019,6,,
14213,DNge060,DNge060,11,,
14214,DNg106,DNg106,4,,
14234,DNg64,DNg64,6,,
14239,DNae004,DNae004,1,,
14246,AN17B012,AN17B012,12,,
14247,DNge127,DNge127,11,,
14249,DNge077,DNge077,9,,
14264,DNde003,DNde003,11,,
14265,DNge133,DNge133,4,,
14271,DNae006,DNae006,3,,
14278,DNg73,DNg73,0,,
14306,DNg89,DNg89,0,,
14320,AN09B017g,AN09B017g,5,,
14328,DNpe040,DNpe040,8,,
14332,DNae006,DNae006,3,,
14357,DNg05_a,DNg05_a,3,,
14364,AN10B019,AN10B019,6,,
14375,DNpe003,DNpe003,10,,
14379,AN04B003,AN04B003,11,,
14387,DNge151,DNge151,8,,
14399,DNpe028,DNpe028,10,,
14421,DNge131,DNge131,11,,
14432,DNge113,DNge113,3,,
14446,DNpe014,DNpe014,10,,
14469,AN10B018,AN10B018,11,,
14484,AN06B040,AN06B040,0,,
14498,AN04B003,AN04B003,11,,
14501,DNp28,DNp28,1,,
14502,ANXXX098,ANXXX098,2,puff-responsive (leg tactile),Chen 2023
14521,AN07B037_b,AN07B037_b,0,,
14527,AN05B103,AN05B103,11,,
14534,ANXXX098,ANXXX098,2,puff-responsive (leg tactile),Chen 2023
14537,DNge078,DNge078,9,antennal grooming,"Braun 2024?, Hampel 2015"
14554,DNg72,DNg72,9,,
14561,AN06B025,AN06B025,1,,
14567,AN27X009,AN27X009,7,,
14569,DNg04,DNg04,1,,
14579,AN27X022,AN27X022,5,,
14587,AN08B018,AN08B018,2,,
14600,AN12B004,AN12B004,6,,
14628,AN09B023,AN09B023,12,,
14642,AN09B002,AN09B002,11,,
14656,AN06B025,AN06B025,1,,
14686,DNg11,DNg11,1,front leg rubbing,Guo 2022
14700,AN01A086,AN01A086,3,,
14716,AN27X018,AN27X018,7,,
14758,AN08B018,AN08B018,2,,
14793,DNge121,DNge121,4,,
14794,AN09B012,AN09B012,11,,
14801,DNge111,DNge111,3,,
14804,DNg63,DNg63,12,,
14826,AN27X021,AN27X021,5,,
14832,"DNp51,DNpe019","DNp51,DNpe019",1,,
14842,DNge184,DNge184,3,,
14846,DNp39,DNp39,10,,
14854,DNg72,DNg72,9,,
14863,AN19A018,AN19A018,11,halting,Sapkal 2024
14885,DNpe040,DNpe040,8,,
14887,DNge072,DNge072,0,,
14899,AN05B006,AN05B006,7,,
14936,DNge052,DNge052,1,,
14950,ANXXX094,ANXXX094,11,,
14952,DNg09_b,DNg09_b,3,,
14964,DNge113,DNge113,3,,
14968,AN06B037,AN06B037,1,,
14970,DNge052,DNge052,1,,
14973,AN19A018,AN19A018,11,halting,Sapkal 2024
14976,ANXXX094,ANXXX094,11,,
14989,DNge127,DNge127,11,,
14994,ANXXX027,ANXXX027,12,,
15014,DNge121,DNge121,4,,
15024,DNp21,DNp21,8,,
15028,DNp41,DNp41,10,,
15047,DNge184,DNge184,3,,
15063,DNg50,DNg50,8,,
15064,DNg05_a,DNg05_a,3,,
15065,DNge016,DNge016,4,,
15070,AN08B012,AN08B012,12,,
15072,DNpe004,DNpe004,1,,
15087,AN10B019,AN10B019,6,,
15100,AN10B019,AN10B019,6,,
15105,DNg55,DNg55,11,steering,Sapkal 2024
15144,AN09B011,AN09B011,11,,
15148,DNg62,DNg62,9,antennal grooming,"Braun 2024?, Hampel 2015"
15156,DNge147,DNge147,9,,
15171,AN09B004,AN09B004,12,,
15188,AN04B001,AN04B001,12,,
15190,AN17A012,AN17A012,7,,
15192,AN05B097,AN05B097,7,,
15201,DNg72,DNg72,9,,
15207,AN09B002,AN09B002,11,,
15254,DNge057,DNge057,9,,
15286,DNg47,DNg47,9,,
15291,AN05B099,AN05B099,12,,
15306,DNpe020,DNpe020,10,,
15326,DNg109,DNg109,7,,
15344,AN07B037_b,AN07B037_b,0,,
15347,DNge082,DNge082,7,,
15354,AN17B009,AN17B009,6,,
15394,DNge147,DNge147,9,,
15442,DNg46,DNg46,1,,
15443,ANXXX027,ANXXX027,12,,
15448,DNge097,DNge097,1,,
15450,DNge057,DNge057,9,,
15454,DNg58,DNg58,6,,
15457,DNpe004,DNpe004,1,,
15483,DNge175,DNge175,4,,
15485,DNge145,DNge145,3,,
15491,DNpe028,DNpe028,10,,
15492,AN10B020,AN10B020,2,,
15502,DNp41,DNp41,10,,
15503,DNge019,DNge019,9,,
15509,DNge091,DNge091,4,,
15509,DNge091,DNge091,4,,
15509,DNge091,DNge091,4,,
15514,AN27X013,AN27X013,11,,
15533,AN17A050,AN17A050,11,,
15537,AN12B017,AN12B017,11,,
15550,ANXXX002,ANXXX002,10,,
15559,ANXXX041,ANXXX041,3,,
15568,DNg11,DNg11,1,front leg rubbing,Guo 2022
15575,DNge030,DNge030,1,,
15590,AN10B017,AN10B017,2,,
15639,ANXXX041,ANXXX041,3,,
15643,ANXXX007,ANXXX007,2,,
15645,AN09B017d,AN09B017d,5,,
15650,AN08B034,AN08B034,6,,
15653,DNge012,DNge012,9,antennal grooming?,Hampel 2015
15667,DNpe014,DNpe014,10,,
15672,AN12B004,AN12B004,6,,
15673,DNg20,DNg20,4,,
15681,DNge113,DNge113,3,,
15705,DNge081,DNge081,11,,
15720,DNge124,DNge124,7,,
15740,ANXXX071,ANXXX071,9,,
15749,ANXXX071,ANXXX071,9,,
15751,AN17A003,AN17A003,12,,
15758,AN05B099,AN05B099,12,,
15760,DNg72,DNg72,9,,
15796,DNg106,DNg106,4,,
15800,DNge072,DNge072,0,,
15811,DNg45,DNg45,11,,
15821,DNge081,DNge081,11,,
15825,DNg21,DNg21,11,,
15833,DNp52,DNp52,11,,
15835,DNp25,DNp25,10,,
15847,DNg107,DNg107,11,,
15857,DNge058,DNge058,11,,
15884,AN17A076,AN17A076,12,,
15906,AN23B001,AN23B001,12,,
15931,AN06B037,AN06B037,1,,
15939,DNp41,DNp41,10,,
15941,AN08B024,AN08B024,2,,
15945,DNpe035,DNpe035,7,,
15981,AN09B004,AN09B004,12,,
15988,DNge064,DNge064,7,,
15995,DNge013,DNge013,8,,
16063,AN07B017,AN07B017,9,,
16078,DNge181,DNge181,3,,
16079,DNge068,DNge068,9,,
16086,ANXXX041,ANXXX041,3,,
16098,DNge029,DNge029,9,,
16118,DNge145,DNge145,3,,
16119,DNpe014,DNpe014,10,,
16130,DNge034,DNge034,11,,
16173,AN27X018,AN27X018,7,,
16174,AN17B009,AN17B009,6,,
16176,AN08B034,AN08B034,6,,
16189,AN08B024,AN08B024,2,,
16191,DNb03,DNb03,1,,
16200,AN08B024,AN08B024,2,,
16202,AN17A012,AN17A012,7,,
16221,DNg21,DNg21,11,,
16230,AN10B020,AN10B020,2,,
16245,DNpe033,DNpe033,11,,
16257,DNge091,DNge091,4,,
16257,DNge091,DNge091,4,,
16257,DNge091,DNge091,4,,
16297,AN00A006,AN00A006,7,,
16302,AN09B017d,AN09B017d,5,,
16307,DNge001,DNge001,9,,
16326,AN08B025,AN08B025,2,,
16336,ANXXX098,ANXXX098,2,puff-responsive (leg tactile),Chen 2023
16338,AN12B006,AN12B006,6,,
16369,DNg01_b,DNg01_b,1,,
16384,AN17A003,AN17A003,12,,
16399,DNg11,DNg11,1,front leg rubbing,Guo 2022
16458,ANXXX041,ANXXX041,3,,
16462,ANXXX139,ANXXX139,7,,
16466,AN05B102d,AN05B102d,5,,
16471,DNg106,DNg106,4,,
16500,AN05B097,AN05B097,7,,
16505,AN05B102d,AN05B102d,5,,
16506,AN04B023,AN04B023,11,,
16510,AN09B009,AN09B009,12,,
16535,AN09B017c,AN09B017c,5,,
16536,DNge075,DNge075,12,,
16542,AN19A018,AN19A018,11,halting,Sapkal 2024
16544,AN18B022,AN18B022,1,,
16563,AN19B028,AN19B028,1,,
16569,AN05B097,AN05B097,7,,
16593,ANXXX002,ANXXX002,10,,
16616,AN19B025,AN19B025,0,,
16623,DNge034,DNge034,11,,
16672,AN17B008,AN17B008,3,,
16675,AN08B112,AN08B112,2,,
16687,AN09B033,AN09B033,5,,
16697,AN08B025,AN08B025,2,,
16701,DNpe012_a,DNpe012_a,1,,
16703,DNpe033,DNpe033,11,,
16712,DNb03,DNb03,1,,
16730,AN08B024,AN08B024,2,,
16731,DNg94,DNg94,1,,
16741,DNge019,DNge019,9,,
16746,DNge064,DNge064,7,,
16747,AN09B017b,AN09B017b,5,,
16749,AN08B024,AN08B024,2,,
16750,AN17B016,AN17B016,6,,
16829,DNb03,DNb03,1,,
16830,AN09B017c,AN09B017c,5,,
16850,DNg23,DNg23,4,,
16856,DNge134,DNge134,2,,
16864,DNg59,DNg59,4,,
16868,AN17A002,AN17A002,12,,
16878,DNge019,DNge019,9,,
16885,AN27X009,AN27X009,7,,
16893,AN10B026,AN10B026,11,,
16897,AN04B003,AN04B003,11,,
16918,AN18B022,AN18B022,1,,
16923,ANXXX007,ANXXX007,2,,
16935,DNge097,DNge097,1,,
16942,DNge098,DNge098,9,,
16957,AN09B004,AN09B004,12,,
16966,ANXXX218,ANXXX218,6,,
16977,ANXXX098,ANXXX098,2,puff-responsive (leg tactile),Chen 2023
16983,AN17B016,AN17B016,6,,
16994,DNg17,DNg17,9,,
17019,DNpe004,DNpe004,1,,
17093,DNg45,DNg45,11,,
17094,AN09B023,AN09B023,12,,
17097,AN06B007,AN06B007,11,,
17101,DNg106,DNg106,4,,
17103,AN09B017a,AN09B017a,5,,
17120,DNg82,DNg82,1,,
17124,ANXXX082,ANXXX082,11,,
17158,AN05B099,AN05B099,12,,
17179,DNa07,DNa07,1,,
17198,DNge035,DNge035,10,,
17199,DNg82,DNg82,1,,
17206,AN08B026,AN08B026,11,,
17210,DNpe036,DNpe036,8,,
17211,DNge174,DNge174,9,,
17231,AN08B027,AN08B027,11,,
17253,AN09B007,AN09B007,11,,
17322,AN27X016,AN27X016,6,,
17331,DNg02_d,DNg02_d,1,flight,Namiki 2022
17333,DNg106,DNg106,4,,
17335,AN09B017a,AN09B017a,5,,
17344,ANXXX218,ANXXX218,6,,
17361,AN10B021,AN10B021,6,,
17367,DNp65,DNp65,8,,
17373,DNg58,DNg58,6,,
17378,AN27X017,AN27X017,7,,
17382,AN06B034,AN06B034,10,,
17386,DNg12_d,DNg12_d,0,ventral head grooming and front leg rubbing,Guo 2022
17416,AN05B102c,AN05B102c,5,,
17446,AN19B036,AN19B036,6,,
17448,ANXXX098,ANXXX098,2,puff-responsive (leg tactile),Chen 2023
17452,AN17A012,AN17A012,7,,
17456,AN02A009,AN02A009,2,,
17471,DNg09_b,DNg09_b,3,,
17490,AN04B001,AN04B001,12,,
17492,AN05B023d,AN05B023d,5,,
17494,AN06B039,AN06B039,11,,
17503,ANXXX093,ANXXX093,5,,
17510,AN19A018,AN19A018,11,halting,Sapkal 2024
17513,AN05B009,AN05B009,12,,
17519,ANXXX120,ANXXX120,2,,
17522,AN18B001,AN18B001,10,,
17524,AN06B057,AN06B057,2,,
17549,AN09B011,AN09B011,11,,
17554,ANXXX470,ANXXX470,5,taste,Kim 2017
17555,DNxl114,DNxl114,12,,
17585,AN02A017,AN02A017,0,,
17628,AN23B001,AN23B001,12,,
17637,AN08B027,AN08B027,11,,
17674,AN03B094,AN03B094,1,,
17684,AN17A015,AN17A015,12,,
17695,AN07B017,AN07B017,9,,
17713,AN04B003,AN04B003,11,,
17724,AN19B049,AN19B049,6,,
17727,DNg09_a,DNg09_a,3,,
17739,DNge105,DNge105,9,,
17757,AN19B001,AN19B001,8,,
17788,AN10B021,AN10B021,6,,
17792,AN08B026,AN08B026,11,,
17832,AN06B026,AN06B026,6,,
17873,AN02A009,AN02A009,2,,
17887,ANXXX131,ANXXX131,6,,
17955,ANXXX120,ANXXX120,2,,
17967,DNde006,DNde006,11,,
18050,AN09B009,AN09B009,12,,
18054,AN04B023,AN04B023,11,,
18072,DNp16_a,DNp16_a,1,,
18110,DNge145,DNge145,3,,
18122,DNg77,DNg77,11,,
18134,AN12A003,AN12A003,11,,
18153,AN17A012,AN17A012,7,,
18159,DNge174,DNge174,9,,
18164,AN05B102c,AN05B102c,5,,
18183,DNg02_f,DNg02_f,1,flight,Namiki 2022
18229,DNge021,DNge021,9,,
18232,AN09B027,AN09B027,11,,
18265,DNge019,DNge019,9,,
18278,AN05B029,AN05B029,12,,
18279,AN09B007,AN09B007,11,,
18281,ANXXX050,ANXXX050,7,,
18324,AN05B025,AN05B025,5,,
18325,AN09B018,AN09B018,7,,
18338,AN09B003,AN09B003,11,,
18366,AN12B019,AN12B019,6,,
18373,AN17B007,AN17B007,3,,
18430,AN05B023c,AN05B023c,5,,
18436,AN07B037_a,AN07B037_a,6,,
18445,AN19B049,AN19B049,6,,
18455,AN17B008,AN17B008,3,,
18490,AN06B057,AN06B057,2,,
18513,AN02A005,AN02A005,0,,
18532,DNg09_a,DNg09_a,3,,
18556,DNg03,DNg03,1,,
18562,DNg11,DNg11,1,front leg rubbing,Guo 2022
18568,AN27X003,AN27X003,11,,
18572,AN06B090,AN06B090,3,,
18589,AN02A005,AN02A005,0,,
18607,DNpe037,DNpe037,10,,
18616,DNg12_a,DNg12_a,0,ventral head grooming and front leg rubbing,Guo 2022
18626,AN06B026,AN06B026,6,,
18627,AN05B025,AN05B025,5,,
18641,AN05B026,AN05B026,5,,
18643,AN09B027,AN09B027,11,,
18679,AN08B026,AN08B026,11,,
18696,AN05B023c,AN05B023c,5,,
18714,AN18B004,AN18B004,12,,
18804,AN09B012,AN09B012,11,,
18811,AN12A003,AN12A003,11,,
18940,AN05B006,AN05B006,7,,
18957,AN05B099,AN05B099,12,,
19030,DNge091,DNge091,4,,
19030,DNge091,DNge091,4,,
19030,DNge091,DNge091,4,,
19038,DNg106,DNg106,4,,
19043,AN08B026,AN08B026,11,,
19063,AN17A015,AN17A015,12,,
19084,DNge029,DNge029,9,,
19090,AN07B037_a,AN07B037_a,6,,
19124,AN03A002,AN03A002,0,"front leg walking, pushing, grooming",Chen 2023
19175,AN06B002,AN06B002,11,,
19197,AN09B018,AN09B018,7,,
19206,AN06B034,AN06B034,10,,
19214,DNge019,DNge019,9,,
19217,AN23B003,AN23B003,11,,
19227,AN08B069,AN08B069,6,wing vibration,Lillvis 2024
19247,DNg106,DNg106,4,,
19268,DNg12_c,DNg12_c,0,ventral head grooming and front leg rubbing,Guo 2022
19280,AN08B028,AN08B028,2,,
19408,AN10B022,AN10B022,2,,
19411,AN09B029,AN09B029,12,,
19419,AN09B029,AN09B029,12,,
19428,DNge144,DNge144,11,,
19433,AN19B025,AN19B025,0,,
19440,AN09B016,AN09B016,6,,
19441,DNg12_a,DNg12_a,0,ventral head grooming and front leg rubbing,Guo 2022
19450,DNge091,DNge091,4,,
19450,DNge091,DNge091,4,,
19450,DNge091,DNge091,4,,
19455,DNg12_h,DNg12_h,0,ventral head grooming and front leg rubbing,Guo 2022
19457,AN06B002,AN06B002,11,,
19480,ANXXX462a,ANXXX462a,5,,
19489,DNpe010,DNpe010,1,,
19570,DNpe010,DNpe010,1,,
19573,DNg08,DNg08,4,,
19581,AN17A062,AN17A062,12,,
19607,AN19B024,AN19B024,1,,
19612,ANXXX030,ANXXX030,11,,
19631,DNg12_h,DNg12_h,0,ventral head grooming and front leg rubbing,Guo 2022
19633,DNg11,DNg11,1,front leg rubbing,Guo 2022
19651,AN07B037_a,AN07B037_a,6,,
19664,DNge019,DNge019,9,,
19691,DNge110,DNge110,3,,
19709,AN05B097,AN05B097,7,,
19733,ANXXX174,ANXXX174,6,,
19749,DNge091,DNge091,4,,
19749,DNge091,DNge091,4,,
19749,DNge091,DNge091,4,,
19753,AN23B003,AN23B003,11,,
19773,DNg02_g,DNg02_g,1,flight,Namiki 2022
19871,DNg06,DNg06,3,,
19886,AN04B023,AN04B023,11,,
19946,DNg12_c,DNg12_c,0,ventral head grooming and front leg rubbing,Guo 2022
19960,DNa07,DNa07,1,,
19962,DNge181,DNge181,3,,
19981,AN06A015,AN06A015,2,,
19982,AN04B023,AN04B023,11,,
19994,DNge091,DNge091,4,,
19994,DNge091,DNge091,4,,
19994,DNge091,DNge091,4,,
20010,AN06B002,AN06B002,11,,
20014,AN19B024,AN19B024,1,,
20022,AN02A017,AN02A017,0,,
20051,DNge183,DNge183,3,,
20054,DNge091,DNge091,4,,
20054,DNge091,DNge091,4,,
20054,DNge091,DNge091,4,,
20065,ANXXX055,ANXXX055,7,,
20102,DNge178,DNge178,9,,
20106,ANXXX075,ANXXX075,12,,
20108,AN05B102b,AN05B102b,5,,
20129,DNg12_e,DNg12_e,9,ventral head grooming and front leg rubbing,Guo 2022
20131,DNpe004,DNpe004,1,,
20170,AN17B013,AN17B013,3,,
20185,DNg36_a,DNg36_a,1,,
20216,AN07B106,AN07B106,11,,
20217,ANXXX165,ANXXX165,6,,
20227,ANXXX005,ANXXX005,12,,
20234,DNge175,DNge175,4,,
20288,DNg12_c,DNg12_c,0,ventral head grooming and front leg rubbing,Guo 2022
20289,DNg02_g,DNg02_g,1,flight,Namiki 2022
20328,AN09B060,AN09B060,12,,
20344,AN08B026,AN08B026,11,,
20354,DNg57,DNg57,4,,
20371,ANXXX151,ANXXX151,5,,
20398,AN01A033,AN01A033,11,,
20408,DNge021,DNge021,9,,
20414,DNp16_a,DNp16_a,1,,
20418,DNpe053,DNpe053,8,,
20456,AN08B028,AN08B028,2,,
20473,DNg12_c,DNg12_c,0,ventral head grooming and front leg rubbing,Guo 2022
20489,AN02A025,AN02A025,6,,
20515,DNg08,DNg08,4,,
20525,AN07B013,AN07B013,12,,
20530,AN05B024,AN05B024,12,,
20531,DNg09_a,DNg09_a,3,,
20539,AN12B006,AN12B006,6,,
20636,AN12B019,AN12B019,6,,
20643,DNg57,DNg57,4,,
20644,AN09B014,AN09B014,4,,
20691,AN08B069,AN08B069,6,wing vibration,Lillvis 2024
20734,AN19B036,AN19B036,6,,
20743,DNge019,DNge019,9,,
20745,DNpe009,DNpe009,1,,
20753,DNp16_b,DNp16_b,1,,
20769,AN23B004,AN23B004,11,,
20774,DNg36_a,DNg36_a,1,,
20788,DNg12_c,DNg12_c,0,ventral head grooming and front leg rubbing,Guo 2022
20821,DNg08,DNg08,4,,
20831,AN09A005,AN09A005,6,,
20842,AN09B059,AN09B059,11,,
20849,DNg02_b,DNg02_b,1,flight,Namiki 2022
20886,DNge025,DNge025,9,,
20891,ANXXX116,ANXXX116,7,,
20898,AN09B060,AN09B060,12,,
20923,DNg110,DNg110,3,,
20962,DNg02_f,DNg02_f,1,flight,Namiki 2022
20977,AN23B004,AN23B004,11,,
20983,AN06A015,AN06A015,2,,
21020,ANXXX165,ANXXX165,6,,
21027,DNp17,DNp17,1,steering?,
21031,DNp72,DNp72,1,,
21035,ANXXX151,ANXXX151,5,,
21050,ANXXX174,ANXXX174,6,,
21061,AN10B020,AN10B020,2,,
21122,DNg02_a,DNg02_a,3,flight,Namiki 2022
21128,AN17B008,AN17B008,3,,
21140,AN08B009,AN08B009,11,,
21146,DNge091,DNge091,4,,
21146,DNge091,DNge091,4,,
21146,DNge091,DNge091,4,,
21149,DNg107,DNg107,11,,
21155,DNg106,DNg106,4,,
21182,AN06B014,AN06B014,0,,
21195,AN05B097,AN05B097,7,,
21239,ANXXX106,ANXXX106,3,,
21254,ANXXX150,ANXXX150,7,reproduction,Feng 2014
21278,DNg106,DNg106,4,,
21296,AN04B023,AN04B023,11,,
21309,AN05B102b,AN05B102b,5,,
21354,AN08B086,AN08B086,6,,
21360,AN04B001,AN04B001,12,,
21403,DNge183,DNge183,3,,
21428,DNge091,DNge091,4,,
21428,DNge091,DNge091,4,,
21428,DNge091,DNge091,4,,
21484,AN08B034,AN08B034,6,,
21512,AN08B013,AN08B013,12,,
21527,AN19B010,AN19B010,11,,
21533,AN10B008,AN10B008,0,,
21549,AN08B009,AN08B009,11,,
21578,DNg106,DNg106,4,,
21581,DNge178,DNge178,9,,
21589,DNge111,DNge111,3,,
21624,DNg12_a,DNg12_a,0,ventral head grooming and front leg rubbing,Guo 2022
21662,AN07B106,AN07B106,11,,
21668,DNge019,DNge019,9,,
21712,DNp16_b,DNp16_b,1,,
21730,AN23B010,AN23B010,9,,
21743,AN19B014,AN19B014,0,,
21763,AN13B002,AN13B002,5,,
21764,AN09B059,AN09B059,11,,
21770,AN09B034,AN09B034,11,,
21783,AN27X008,AN27X008,3,flight,Cheong 2024
21803,AN08B048,AN08B048,6,,
21863,DNg106,DNg106,4,,
21870,AN10B022,AN10B022,2,,
21929,AN12B005,AN12B005,11,,
22012,DNxl114,DNxl114,12,,
22024,DNge181,DNge181,3,,
22033,DNg12_c,DNg12_c,0,ventral head grooming and front leg rubbing,Guo 2022
22047,AN00A006,AN00A006,7,,
22058,ANXXX030,ANXXX030,11,,
22080,DNg12_g,DNg12_g,2,ventral head grooming and front leg rubbing,Guo 2022
22087,DNg83,DNg83,4,,
22090,AN27X016,AN27X016,6,,
22115,AN08B050,AN08B050,11,,
22128,DNg12_g,DNg12_g,2,ventral head grooming and front leg rubbing,Guo 2022
22158,DNpe012_b,DNpe012_b,1,,
22190,DNg12_e,DNg12_e,9,ventral head grooming and front leg rubbing,Guo 2022
22210,AN06B089,AN06B089,0,,
22247,AN07B013,AN07B013,12,,
22319,AN08B010,AN08B010,11,,
22356,dMS9,dMS9,6,pulse song,Lillvis 2024
22390,DNge008,DNge008,3,,
22393,DNg02_a,DNg02_a,3,flight,Namiki 2022
22404,DNg02_a,DNg02_a,3,flight,Namiki 2022
22432,ANXXX049,ANXXX049,11,,
22462,DNg02_g,DNg02_g,1,flight,Namiki 2022
22469,AN18B019,AN18B019,11,,
22474,DNg12_e,DNg12_e,9,ventral head grooming and front leg rubbing,Guo 2022
22480,AN18B019,AN18B019,11,,
22499,AN10B009,AN10B009,9,,
22518,AN09B060,AN09B060,12,,
22564,DNg12_e,DNg12_e,9,ventral head grooming and front leg rubbing,Guo 2022
22572,AN09B034,AN09B034,11,,
22596,DNg12_e,DNg12_e,9,ventral head grooming and front leg rubbing,Guo 2022
22597,AN01A033,AN01A033,11,,
22617,AN10B022,AN10B022,2,,
22627,DNge095,DNge095,1,,
22645,DNge087,DNge087,0,,
22692,DNg110,DNg110,3,,
22728,AN17A004,AN17A004,12,,
22757,DNge019,DNge019,9,,
22758,DNg67,DNg67,5,,
22840,ANXXX116,ANXXX116,7,,
22880,AN23B010,AN23B010,9,,
22916,AN08B086,AN08B086,6,,
22931,ANXXX006,ANXXX006,9,,
22961,AN09B026,AN09B026,6,,
22979,AN10B020,AN10B020,2,,
23067,AN09B019,AN09B019,5,,
23140,AN09B019,AN09B019,5,,
23168,AN01B002,AN01B002,12,,
23178,DNge111,DNge111,3,,
23188,AN18B023,AN18B023,0,,
23220,DNge111,DNge111,3,,
23301,AN27X022,AN27X022,5,,
23323,AN10B015,AN10B015,12,,
23341,DNg110,DNg110,3,,
23361,ANXXX191,ANXXX191,0,,
23382,AN01B002,AN01B002,12,,
23411,DNg02_a,DNg02_a,3,flight,Namiki 2022
23412,DNge181,DNge181,3,,
23425,ANXXX170,ANXXX170,12,,
23498,AN08B022,AN08B022,11,,
23513,AN05B035,AN05B035,5,,
23566,AN17A004,AN17A004,12,,
23628,DNg12_a,DNg12_a,0,ventral head grooming and front leg rubbing,Guo 2022
23667,DNge087,DNge087,0,,
23685,ANXXX132,ANXXX132,6,,
23715,DNge093,DNge093,3,,
23747,AN10B024,AN10B024,11,turning,Chen 2023
23755,AN08B048,AN08B048,6,,
23784,AN09B024,AN09B024,11,,
23797,AN12B008,AN12B008,11,,
23819,DNge111,DNge111,3,,
23826,AN05B005,AN05B005,12,,
23882,DNge015,DNge015,3,,
23891,DNge120,DNge120,11,,
23892,DNge095,DNge095,1,,
23953,DNge091,DNge091,4,,
23953,DNge091,DNge091,4,,
23953,DNge091,DNge091,4,,
23960,DNg12_c,DNg12_c,0,ventral head grooming and front leg rubbing,Guo 2022
23975,AN06B012,AN06B012,6,,
24022,AN09B024,AN09B024,11,,
24038,DNg08,DNg08,4,,
24043,DNge090,DNge090,3,,
24050,AN05B098,AN05B098,12,,
24058,DNge014,DNge014,3,,
24115,AN19A018,AN19A018,11,halting,Sapkal 2024
24133,AN19B001,AN19B001,8,,
24155,AN07B036,AN07B036,1,,
24184,DNg110,DNg110,3,,
24229,AN10B015,AN10B015,12,,
24232,DNg36_a,DNg36_a,1,,
24246,AN05B098,AN05B098,12,,
24350,DNge114,DNge114,2,,
24354,DNge090,DNge090,3,,
24357,AN06B002,AN06B002,11,,
24374,DNg08,DNg08,4,,
24412,AN06B012,AN06B012,6,,
24435,AN07B021,AN07B021,3,,
24451,AN07B013,AN07B013,12,,
24466,DNpe012_b,DNpe012_b,1,,
24517,DNg53,DNg53,0,,
24522,AN08B028,AN08B028,2,,
24534,ANXXX049,ANXXX049,11,,
24540,DNge025,DNge025,9,,
24544,AN02A025,AN02A025,6,,
24593,AN19B015,AN19B015,9,,
24619,DNg12_c,DNg12_c,0,ventral head grooming and front leg rubbing,Guo 2022
24657,DNge091,DNge091,4,,
24657,DNge091,DNge091,4,,
24657,DNge091,DNge091,4,,
24666,DNge117,DNge117,1,,
24700,AN08B031,AN08B031,9,wing vibration,Lillvis 2024
24752,DNp72,DNp72,1,,
24831,AN08B028,AN08B028,2,,
24880,DNg12_f,DNg12_f,2,ventral head grooming and front leg rubbing,Guo 2022
24888,AN03B011,AN03B011,11,,
24913,AN10B015,AN10B015,12,,
24924,ANXXX144,ANXXX144,6,,
24961,DNg12_a,DNg12_a,0,ventral head grooming and front leg rubbing,Guo 2022
24966,ANXXX026,ANXXX026,9,,
24974,AN09B015,AN09B015,6,,
24975,AN12B008,AN12B008,11,,
24987,DNpe012_b,DNpe012_b,1,,
24997,AN08B013,AN08B013,12,,
25046,DNge115,DNge115,2,,
25047,AN09B020,AN09B020,12,,
25076,AN08B022,AN08B022,11,,
25092,ANXXX082,ANXXX082,11,,
25114,ANXXX144,ANXXX144,6,,
25153,AN06B002,AN06B002,11,,
25179,ANXXX132,ANXXX132,6,,
25180,DNg12_a,DNg12_a,0,ventral head grooming and front leg rubbing,Guo 2022
25185,AN09A007,AN09A007,11,,
25188,DNg08,DNg08,4,,
25205,DNg92_b,DNg92_b,1,,
25230,AN18B032,AN18B032,11,,
25249,DNge092,DNge092,0,,
25283,DNg08,DNg08,4,,
25335,AN01B018,AN01B018,11,,
25357,DNg02_d,DNg02_d,1,flight,Namiki 2022
25411,AN09B015,AN09B015,6,,
25455,AN08B022,AN08B022,11,,
25461,DNg08,DNg08,4,,
25465,DNg07,DNg07,3,flight,Namiki 2022
25474,DNg07,DNg07,3,flight,Namiki 2022
25504,DNge092,DNge092,0,,
25535,DNp17,DNp17,1,steering?,
25589,DNg07,DNg07,3,flight,Namiki 2022
25634,DNge091,DNge091,4,,
25634,DNge091,DNge091,4,,
25634,DNge091,DNge091,4,,
25687,AN10B022,AN10B022,2,,
25693,AN05B044,AN05B044,11,,
25802,DNge092,DNge092,0,,
25819,AN01B004,AN01B004,5,,
25844,DNge058,DNge058,11,,
25848,DNg08,DNg08,4,,
25852,DNg02_a,DNg02_a,3,flight,Namiki 2022
25861,DNge038,DNge038,7,,
25876,DNge108,DNge108,1,,
25974,ANXXX178,ANXXX178,12,,
25983,DNpe009,DNpe009,1,,
25985,DNge074,DNge074,11,,
26012,AN03B011,AN03B011,11,,
26049,DNg02_a,DNg02_a,3,flight,Namiki 2022
26066,AN06B005,AN06B005,11,,
26079,DNg02_b,DNg02_b,1,flight,Namiki 2022
26088,AN08B010,AN08B010,11,,
26090,AN09B060,AN09B060,12,,
26146,ANXXX154,ANXXX154,6,,
26182,DNg08,DNg08,4,,
26232,DNg08,DNg08,4,,
26241,AN01B002,AN01B002,12,,
26269,AN18B019,AN18B019,11,,
26278,AN07B005,AN07B005,12,,
26284,AN05B005,AN05B005,12,,
26385,DNge087,DNge087,0,,
26413,DNg07,DNg07,3,flight,Namiki 2022
26441,DNg12_f,DNg12_f,2,ventral head grooming and front leg rubbing,Guo 2022
26452,DNg07,DNg07,3,flight,Namiki 2022
26464,DNge115,DNge115,2,,
26471,AN01B002,AN01B002,12,,
26512,DNg07,DNg07,3,flight,Namiki 2022
26564,AN00A006,AN00A006,7,,
26566,AN05B044,AN05B044,11,,
26587,DNg08,DNg08,4,,
26591,DNg07,DNg07,3,flight,Namiki 2022
26636,DNp58,DNp58,8,,
26644,DNge094,DNge094,1,,
26644,DNge094,DNge094,1,,
26652,DNge094,DNge094,1,,
26652,DNge094,DNge094,1,,
26661,AN04B051,AN04B051,6,,
26671,ANXXX026,ANXXX026,9,,
26672,DNpe012_b,DNpe012_b,1,,
26680,AN07B005,AN07B005,12,,
26687,AN01B005,AN01B005,11,,
26743,DNge094,DNge094,1,,
26743,DNge094,DNge094,1,,
26824,DNg08,DNg08,4,,
26842,vMS13,vMS13,6,,
26916,AN18B023,AN18B023,0,,
26984,DNge115,DNge115,2,,
27001,DNge094,DNge094,1,,
27001,DNge094,DNge094,1,,
27041,DNg08,DNg08,4,,
27079,ANXXX072,ANXXX072,11,,
27113,DNge180,DNge180,3,,
27118,DNg08,DNg08,4,,
27135,DNge015,DNge015,3,,
27143,DNg07,DNg07,3,flight,Namiki 2022
27144,DNge092,DNge092,0,,
27170,DNge017,DNge017,1,,
27180,AN09B033,AN09B033,5,,
27254,DNg01_c,DNg01_c,11,,
27346,AN05B021,AN05B021,12,,
27373,AN03B009,AN03B009,11,,
27437,DNg07,DNg07,3,flight,Namiki 2022
27475,AN17B011,AN17B011,11,,
27490,DNge015,DNge015,3,,
27525,DNge094,DNge094,1,,
27525,DNge094,DNge094,1,,
27578,AN01B005,AN01B005,11,,
27598,DNp17,DNp17,1,steering?,
27607,DNge017,DNge017,1,,
27615,DNge115,DNge115,2,,
27626,DNge093,DNge093,3,,
27702,ANXXX013,ANXXX013,12,,
27714,ANXXX152,ANXXX152,6,,
27715,DNg08,DNg08,4,,
27735,DNge110,DNge110,3,,
27792,DNge093,DNge093,3,,
27797,AN09A007,AN09A007,11,,
27800,DNpe012_a,DNpe012_a,1,,
27816,ANXXX027,ANXXX027,12,,
27859,AN01B004,AN01B004,5,,
27952,AN12B017,AN12B017,11,,
27964,AN09B026,AN09B026,6,,
28000,DNg07,DNg07,3,flight,Namiki 2022
28001,DNge094,DNge094,1,,
28001,DNge094,DNge094,1,,
28084,AN05B095,AN05B095,11,,
28105,ANXXX154,ANXXX154,6,,
28131,AN06B088,AN06B088,6,,
28152,DNge180,DNge180,3,,
28165,AN08B084,AN08B084,6,,
28192,AN01B004,AN01B004,5,,
28255,ANXXX139,ANXXX139,7,,
28288,AN07B040,AN07B040,9,,
28414,DNge116,DNge116,0,,
28450,DNge153,DNge153,5,,
28455,ANXXX404,ANXXX404,4,,
28508,AN17A003,AN17A003,12,,
28519,DNg08,DNg08,4,,
28522,ANXXX169,ANXXX169,7,,
28579,DNg01_a,DNg01_a,1,,
28580,ANXXX178,ANXXX178,12,,
28584,ANXXX013,ANXXX013,12,,
28602,DNg01_b,DNg01_b,1,,
28653,ANXXX136,ANXXX136,8,,
28663,AN18B032,AN18B032,11,,
28678,DNg110,DNg110,3,,
28683,ANXXX170,ANXXX170,12,,
28687,DNge115,DNge115,2,,
28756,DNg08,DNg08,4,,
28826,AN09B009,AN09B009,12,,
28852,AN17A018,AN17A018,12,,
28856,AN09B009,AN09B009,12,,
28901,ANXXX136,ANXXX136,8,,
28905,DNg02_a,DNg02_a,3,flight,Namiki 2022
28929,AN19B042,AN19B042,6,,
28940,DNg94,DNg94,1,,
28949,DNg07,DNg07,3,flight,Namiki 2022
28961,DNge116,DNge116,0,,
28967,AN01B005,AN01B005,11,,
29059,DNge115,DNge115,2,,
29086,DNge023,DNge023,7,,
29158,DNge085,DNge085,0,,
29188,DNge108,DNge108,1,,
29234,ANXXX202,ANXXX202,8,,
29242,DNge153,DNge153,5,,
29304,AN17A003,AN17A003,12,,
29310,DNg06,DNg06,3,,
29334,AN09B018,AN09B018,7,,
29509,DNg07,DNg07,3,flight,Namiki 2022
29594,DNg08,DNg08,4,,
29609,DNg08,DNg08,4,,
29639,DNg05_b,DNg05_b,1,,
29643,AN17A018,AN17A018,12,,
29665,AN17A018,AN17A018,12,,
29685,DNp17,DNp17,1,steering?,
29770,ANXXX072,ANXXX072,11,,
29830,AN01B005,AN01B005,11,,
29854,DNpe015,DNpe015,1,,
29867,AN12B017,AN12B017,11,,
29908,AN04B023,AN04B023,11,,
29923,AN19B044,AN19B044,0,,
29930,AN06B075,AN06B075,2,,
29934,DNpe012_a,DNpe012_a,1,,
30016,AN07B013,AN07B013,12,,
30022,AN19B042,AN19B042,6,,
30051,AN06B023,AN06B023,1,,
30088,AN13B002,AN13B002,5,,
30095,AN09B033,AN09B033,5,,
30119,AN06B023,AN06B023,1,,
30161,DNg36_b,DNg36_b,2,,
30212,AN03B050,AN03B050,0,,
30228,DNg02_a,DNg02_a,3,flight,Namiki 2022
30231,ANXXX200,ANXXX200,0,,
30346,AN17A062,AN17A062,12,,
30379,AN09B031,AN09B031,11,,
30465,DNge134,DNge134,2,,
30497,AN09B028,AN09B028,12,,
30503,DNpe015,DNpe015,1,,
30574,ANXXX338,ANXXX338,6,,
30577,AN10B029,AN10B029,2,,
30581,ANXXX049,ANXXX049,11,,
30624,AN08B022,AN08B022,11,,
30660,AN19B010,AN19B010,11,,
30664,AN14A003,AN14A003,6,,
30688,AN05B100,AN05B100,12,,
30705,AN17A009,AN17A009,12,,
30777,AN19B004,AN19B004,9,,
30789,AN08B009,AN08B009,11,,
30827,DNg36_b,DNg36_b,2,,
30837,AN03B094,AN03B094,1,,
30862,AN17A014,AN17A014,12,,
30889,AN01B004,AN01B004,5,,
30904,AN07B021,AN07B021,3,,
30921,AN08B023,AN08B023,12,,
30929,DNge117,DNge117,1,,
30957,DNpe015,DNpe015,1,,
31054,AN10B027,AN10B027,2,,
31059,DNpe054,DNpe054,1,,
31103,AN18B002,AN18B002,11,,
31180,AN09B036,AN09B036,12,,
31227,AN07B005,AN07B005,12,,
31264,DNpe009,DNpe009,1,,
31276,AN06B075,AN06B075,2,,
31298,DNge009,DNge009,9,,
31327,DNge108,DNge108,1,,
31334,AN08B009,AN08B009,11,,
31338,DNge108,DNge108,1,,
31362,AN18B032,AN18B032,11,,
31381,DNg08,DNg08,4,,
31387,AN17A014,AN17A014,12,,
31407,AN05B095,AN05B095,11,,
31421,DNg07,DNg07,3,flight,Namiki 2022
31474,AN07B035,AN07B035,6,,
31567,AN06B088,AN06B088,6,,
31609,DNge114,DNge114,2,,
31641,DNg02_a,DNg02_a,3,flight,Namiki 2022
31667,AN17A009,AN17A009,12,,
31712,ANXXX150,ANXXX150,7,reproduction,Feng 2014
31760,ANXXX049,ANXXX049,11,,
31769,DNge115,DNge115,2,,
31790,DNg18_b,DNg18_b,1,,
31825,DNge024,DNge024,9,,
31896,AN18B002,AN18B002,11,,
31932,DNge009,DNge009,9,,
31952,AN02A016,AN02A016,6,,
31966,AN10B027,AN10B027,2,,
31987,DNpe015,DNpe015,1,,
32016,AN01A049,AN01A049,7,,
32040,ANXXX214,ANXXX214,7,,
32085,AN09B018,AN09B018,7,,
32094,AN17B011,AN17B011,11,,
32127,AN03B011,AN03B011,11,,
32166,DNpe012_a,DNpe012_a,1,,
32193,AN17A018,AN17A018,12,,
32255,AN08B034,AN08B034,6,,
32263,DNpe008,DNpe008,2,,
32288,DNpe015,DNpe015,1,,
32324,AN08B074,AN08B074,6,song,Yu 2010
32413,DNg12_f,DNg12_f,2,ventral head grooming and front leg rubbing,Guo 2022
32414,AN10B029,AN10B029,2,,
32464,AN06B015,AN06B015,11,,
32556,AN07B035,AN07B035,6,,
32592,AN10B027,AN10B027,2,,
32608,AN19B044,AN19B044,0,,
32630,AN17A031,AN17A031,11,,
32645,AN17A014,AN17A014,12,,
32651,ANXXX169,ANXXX169,7,,
32680,DNg36_b,DNg36_b,2,,
32832,DNg05_c,DNg05_c,3,,
32881,AN10B027,AN10B027,2,,
32886,AN10B024,AN10B024,11,turning,Chen 2023
32930,AN05B100,AN05B100,12,,
32949,AN17A014,AN17A014,12,,
32961,DNpe008,DNpe008,2,,
33007,DNp17,DNp17,1,steering?,
33037,DNp69,DNp69,8,,
33116,DNge089,DNge089,3,,
33220,AN03B009,AN03B009,11,,
33238,AN07B040,AN07B040,9,,
33283,AN06B044,AN06B044,1,,
33333,DNg02_g,DNg02_g,1,flight,Namiki 2022
33335,DNpe024,DNpe024,10,,
33358,DNge116,DNge116,0,,
33400,AN08B016,AN08B016,6,,
33424,DNg02_b,DNg02_b,1,flight,Namiki 2022
33487,AN08B074,AN08B074,6,song,Yu 2010
33596,AN05B106,AN05B106,5,,
33683,DNge115,DNge115,2,,
33710,AN10B024,AN10B024,11,turning,Chen 2023
33729,AN07B052,AN07B052,0,,
33788,DNpe014,DNpe014,10,,
33799,AN10B015,AN10B015,12,,
33829,DNg83,DNg83,4,,
33851,DNg05_c,DNg05_c,3,,
33876,DNge085,DNge085,0,,
33892,AN03B011,AN03B011,11,,
33905,AN07B015,AN07B015,9,,
34023,DNp17,DNp17,1,steering?,
34031,DNge114,DNge114,2,,
34162,DNge114,DNge114,2,,
34231,AN16B078_d,AN16B078_d,0,,
34292,DNge087,DNge087,0,,
34332,AN07B015,AN07B015,9,,
34462,AN06B044,AN06B044,1,,
34468,DNpe015,DNpe015,1,,
34474,DNge089,DNge089,3,,
34539,AN10B027,AN10B027,2,,
34569,DNpe008,DNpe008,2,,
34590,DNge182,DNge182,11,,
34649,DNge179,DNge179,0,,
34664,DNge154,DNge154,3,,
34667,AN08B074,AN08B074,6,song,Yu 2010
34683,AN09B037,AN09B037,7,,
34719,AN16B078_a,AN16B078_a,0,,
34758,ANXXX027,ANXXX027,12,,
34797,AN10B029,AN10B029,2,,
34830,DNg36_b,DNg36_b,2,,
34887,DNpe015,DNpe015,1,,
35136,ANXXX099,ANXXX099,7,,
35153,DNpe054,DNpe054,1,,
35232,AN01B005,AN01B005,11,,
35233,DNg53,DNg53,0,,
35345,DNge024,DNge024,9,,
35371,AN08B099_f,AN08B099_f,6,,
35394,AN19B044,AN19B044,0,,
35398,DNp17,DNp17,1,steering?,
35409,AN08B049,AN08B049,11,,
35440,AN08B016,AN08B016,6,,
35441,AN08B074,AN08B074,6,song,Yu 2010
35469,DNge009,DNge009,9,,
35505,AN07B024,AN07B024,11,,
35517,AN08B066,AN08B066,12,,
35519,DNpe015,DNpe015,1,,
35621,AN17A062,AN17A062,12,,
35630,DNp17,DNp17,1,steering?,
35714,AN01B011,AN01B011,11,,
35899,DNpe008,DNpe008,2,,
35920,ANXXX145,ANXXX145,11,,
35921,AN09B030,AN09B030,12,,
35966,AN17A015,AN17A015,12,,
35988,DNg02_a,DNg02_a,3,flight,Namiki 2022
36102,DNge136,DNge136,8,,
36172,DNg06,DNg06,3,,
36260,DNg18_b,DNg18_b,1,,
36263,DNge116,DNge116,0,,
36371,AN23B002,AN23B002,12,,
36379,DNg12_b,DNg12_b,0,ventral head grooming and front leg rubbing,Guo 2022
36475,ANXXX145,ANXXX145,11,,
36477,AN01B005,AN01B005,11,,
36541,DNge078,DNge078,9,antennal grooming,"Braun 2024?, Hampel 2015"
36593,AN08B023,AN08B023,12,,
36623,DNge085,DNge085,0,,
36631,DNg05_b,DNg05_b,1,,
36667,AN09B020,AN09B020,12,,
36671,AN08B057,AN08B057,6,,
36691,ANXXX130,ANXXX130,6,,
36721,DNpe054,DNpe054,1,,
36849,AN08B074,AN08B074,6,song,Yu 2010
36930,AN19B001,AN19B001,8,,
37025,DNg03,DNg03,1,,
37066,AN08B049,AN08B049,11,,
37071,DNge179,DNge179,0,,
37098,DNpe057,DNpe057,2,,
37135,DNg02_b,DNg02_b,1,flight,Namiki 2022
37163,DNpe008,DNpe008,2,,
37199,AN18B025,AN18B025,0,,
37212,DNpe008,DNpe008,2,,
37217,AN07B005,AN07B005,12,,
37229,AN07B043,AN07B043,6,,
37310,DNpe041,DNpe041,10,,
37363,AN07B035,AN07B035,6,,
37406,DNge009,DNge009,9,,
37417,ANXXX145,ANXXX145,11,,
37422,vMS16,vMS16,11,,
37530,AN18B053,AN18B053,6,,
37683,DNge114,DNge114,2,,
37686,DNg12_b,DNg12_b,0,ventral head grooming and front leg rubbing,Guo 2022
37743,AN05B069,AN05B069,3,,
37779,AN05B050_c,AN05B050_c,11,,
37876,AN17A003,AN17A003,12,,
37942,AN08B049,AN08B049,11,,
37979,AN09B018,AN09B018,7,,
38005,AN09B030,AN09B030,12,,
38007,AN05B107,AN05B107,12,,
38035,AN07B052,AN07B052,0,,
38064,DNg07,DNg07,3,flight,Namiki 2022
38071,ANXXX200,ANXXX200,0,,
38191,DNge085,DNge085,0,,
38322,AN05B021,AN05B021,12,,
38327,AN10B029,AN10B029,2,,
38368,AN16B078_c,AN16B078_c,0,,
38415,AN08B099_f,AN08B099_f,6,,
38416,DNpe008,DNpe008,2,,
38465,DNge089,DNge089,3,,
38483,AN07B072_e,AN07B072_e,0,,
38616,AN05B106,AN05B106,5,,
38685,AN08B034,AN08B034,6,,
38731,DNge179,DNge179,0,,
38757,DNpe008,DNpe008,2,,
38781,DNpe029,DNpe029,5,,
38796,DNg92_b,DNg92_b,1,,
38833,AN19B044,AN19B044,0,,
38848,DNge089,DNge089,3,,
38850,AN17A047,AN17A047,12,,
38926,ANXXX130,ANXXX130,6,,
39014,DNge126,DNge126,1,,
39026,AN05B046,AN05B046,12,,
39071,DNge094,DNge094,1,,
39071,DNge094,DNge094,1,,
39082,ANXXX169,ANXXX169,7,,
39115,AN08B084,AN08B084,6,,
39130,DNge071,DNge071,0,,
39143,AN09B006,AN09B006,12,,
39248,DNg03,DNg03,1,,
39283,DNg36_b,DNg36_b,2,,
39376,AN06A016,AN06A016,0,,
39537,ANXXX254,ANXXX254,7,,
39558,DNpe057,DNpe057,2,,
39565,DNpe029,DNpe029,5,,
39580,AN08B053,AN08B053,12,,
39640,DNge126,DNge126,1,,
39695,AN09B006,AN09B006,12,,
39735,DNg03,DNg03,1,,
39736,AN05B052,AN05B052,11,,
39774,DNpe008,DNpe008,2,,
39794,ANXXX084,ANXXX084,7,,
39852,DNge020,DNge020,9,,
39864,ANXXX296,ANXXX296,5,,
39880,IN27X001,IN27X001,8,,
39887,DNge085,DNge085,0,,
39941,AN10B029,AN10B029,2,,
40001,DNge119,DNge119,11,,
40114,AN05B100,AN05B100,12,,
40157,DNg03,DNg03,1,,
40218,AN06B039,AN06B039,11,,
40248,DNpe008,DNpe008,2,,
40302,AN07B024,AN07B024,11,,
40361,DNge024,DNge024,9,,
40447,DNg79,DNg79,10,,
40549,DNg03,DNg03,1,,
40588,AN10B029,AN10B029,2,,
40623,DNg18_b,DNg18_b,1,,
40683,DNge102,DNge102,11,,
40700,DNge094,DNge094,1,,
40700,DNge094,DNge094,1,,
40701,DNg12_b,DNg12_b,0,ventral head grooming and front leg rubbing,Guo 2022
40732,AN08B015,AN08B015,11,,
40773,AN01A014,AN01A014,9,,
40782,DNpe008,DNpe008,2,,
40792,DNge094,DNge094,1,,
40792,DNge094,DNge094,1,,
40877,ANXXX005,ANXXX005,12,,
40893,ANXXX254,ANXXX254,7,,
40917,AN16B078_c,AN16B078_c,0,,
40934,DNpe008,DNpe008,2,,
40959,DNge089,DNge089,3,,
41007,AN23B026,AN23B026,6,,
41039,AN08B099_i,AN08B099_i,6,,
41101,AN07B005,AN07B005,12,,
41107,AN07B035,AN07B035,6,,
41114,AN08B015,AN08B015,11,,
41184,AN09B013,AN09B013,12,,
41268,,na_4,12,,
41319,DNge085,DNge085,0,,
41337,AN05B062,AN05B062,11,,
41346,DNge094,DNge094,1,,
41346,DNge094,DNge094,1,,
41414,AN08B066,AN08B066,12,,
41594,AN05B096,AN05B096,12,,
41598,ANXXX084,ANXXX084,7,,
41681,AN08B074,AN08B074,6,song,Yu 2010
41705,DNpe008,DNpe008,2,,
41746,AN08B049,AN08B049,11,,
41824,AN23B026,AN23B026,6,,
41951,DNpe008,DNpe008,2,,
41969,DNge085,DNge085,0,,
42002,DNge176,DNge176,1,,
42051,DNpe054,DNpe054,1,,
42088,AN07B052,AN07B052,0,,
42102,DNge108,DNge108,1,,
42125,DNpe008,DNpe008,2,,
42148,AN17A031,AN17A031,11,,
42178,DNg110,DNg110,3,,
42199,AN03B039,AN03B039,2,,
42206,DNge179,DNge179,0,,
42226,DNpe008,DNpe008,2,,
42345,ANXXX099,ANXXX099,7,,
42428,AN05B107,AN05B107,12,,
42465,DNg06,DNg06,3,,
42467,AN17A003,AN17A003,12,,
42529,AN05B062,AN05B062,11,,
42580,ANXXX092,ANXXX092,12,,
42681,AN06B039,AN06B039,11,,
42685,AN12B055,AN12B055,3,,
42692,ANXXX202,ANXXX202,8,,
42696,AN07B043,AN07B043,6,,
42780,DNpe054,DNpe054,1,,
42792,DNge094,DNge094,1,,
42792,DNge094,DNge094,1,,
43003,AN12B055,AN12B055,3,,
43153,AN09B029,AN09B029,12,,
43210,AN05B052,AN05B052,11,,
43340,AN09B021,AN09B021,12,,
43365,AN07B052,AN07B052,0,,
43436,AN19B004,AN19B004,9,,
43473,AN05B078,AN05B078,6,,
43627,AN07B049,AN07B049,0,,
43649,AN26X004,AN26X004,6,,
43682,AN19A019,AN19A019,9,,
43697,AN09B033,AN09B033,5,,
43716,AN09B020,AN09B020,12,,
43730,DNg10,DNg10,0,,
43782,AN01B014,AN01B014,5,,
43839,AN17A024,AN17A024,12,,
43940,AN16B078_c,AN16B078_c,0,,
44315,ANXXX410,ANXXX410,6,,
44319,AN19B015,AN19B015,9,,
44393,ANXXX007,ANXXX007,2,,
44409,AN01B011,AN01B011,11,,
44445,AN05B062,AN05B062,11,,
44495,ANXXX074,ANXXX074,7,,
44502,DNge071,DNge071,0,,
44529,AN07B078_b,AN07B078_b,2,,
44650,DNg10,DNg10,0,,
44659,DNg10,DNg10,0,,
44665,ANXXX410,ANXXX410,6,,
44667,AN05B052,AN05B052,11,,
44826,DNg10,DNg10,0,,
44836,DNg12_b,DNg12_b,0,ventral head grooming and front leg rubbing,Guo 2022
44847,AN14A003,AN14A003,6,,
44887,AN19B032,AN19B032,12,,
44917,ANXXX037,ANXXX037,11,,
44952,DNge071,DNge071,0,,
44960,AN08B053,AN08B053,12,,
44980,DNg03,DNg03,1,,
44992,AN19A018,AN19A018,11,halting,Sapkal 2024
45062,AN18B025,AN18B025,0,,
45139,AN19B039,AN19B039,0,,
45311,ANXXX084,ANXXX084,7,,
45366,AN07B049,AN07B049,0,,
45501,AN19B009,AN19B009,9,,
45757,DNg92_b,DNg92_b,1,,
45843,AN17A024,AN17A024,12,,
45906,DNg18_b,DNg18_b,1,,
45915,DNg10,DNg10,0,,
46011,DNge020,DNge020,9,,
46086,,na_5,11,,
46164,AN07B052,AN07B052,0,,
46228,DNg10,DNg10,0,,
46240,AN04A001,AN04A001,12,,
46322,AN16B078_d,AN16B078_d,0,,
46348,AN17A014,AN17A014,12,,
46359,AN05B063,AN05B063,11,,
46376,AN17B002,AN17B002,4,,
46380,DNge024,DNge024,9,,
46466,AN05B023a,AN05B023a,5,,
46515,AN09B042,AN09B042,7,,
46578,DNg10,DNg10,0,,
46808,AN12B076,AN12B076,3,,
46875,AN12A017,AN12A017,9,,
46961,AN19A018,AN19A018,11,halting,Sapkal 2024
47102,DNg12_b,DNg12_b,0,ventral head grooming and front leg rubbing,Guo 2022
47277,AN11B008,AN11B008,0,,
47285,DNg12_b,DNg12_b,0,ventral head grooming and front leg rubbing,Guo 2022
47311,AN12B076,AN12B076,3,,
47383,DNg18_a,DNg18_a,2,,
47402,DNg10,DNg10,0,,
47409,AN19B022,AN19B022,11,,
47449,AN05B068,AN05B068,7,,
47468,AN05B063,AN05B063,11,,
47521,AN16B116,AN16B116,0,,
47572,AN08B023,AN08B023,12,,
47608,ANXXX007,ANXXX007,2,,
47659,AN05B096,AN05B096,12,,
47693,DNpe036,DNpe036,8,,
48408,DNg12_b,DNg12_b,0,ventral head grooming and front leg rubbing,Guo 2022
48535,DNge071,DNge071,0,,
48555,AN17A068,AN17A068,12,,
48565,DNge071,DNge071,0,,
48575,AN09B042,AN09B042,7,,
48618,DNp17,DNp17,1,steering?,
48633,AN18B053,AN18B053,6,,
48777,AN16B078_d,AN16B078_d,0,,
48824,AN19B010,AN19B010,11,,
48877,AN16B078_d,AN16B078_d,0,,
48924,DNg10,DNg10,0,,
48949,DNg10,DNg10,0,,
49106,,na_6,6,,
49136,AN07B078_a,AN07B078_a,2,,
49164,AN08B023,AN08B023,12,,
49210,DNpe011,DNpe011,7,,
49243,ANXXX214,ANXXX214,7,,
49246,AN19A019,AN19A019,9,,
49310,DNge009,DNge009,9,,
49624,DNg03,DNg03,1,,
49690,DNge085,DNge085,0,,
49724,AN05B050_c,AN05B050_c,11,,
49928,DNge071,DNge071,0,,
50028,AN08B023,AN08B023,12,,
50107,AN07B052,AN07B052,0,,
50191,ANXXX007,ANXXX007,2,,
50240,AN12B055,AN12B055,3,,
50285,AN17A047,AN17A047,12,,
50494,ANXXX007,ANXXX007,2,,
50570,AN07B101_b,AN07B101_b,2,,
50595,AN08B096,AN08B096,2,,
50664,DNge071,DNge071,0,,
50881,AN12B017,AN12B017,11,,
50921,AN07B041,AN07B041,2,,
50992,AN10B025,AN10B025,9,,
51024,DNg03,DNg03,1,,
51057,AN23B002,AN23B002,12,,
51068,AN17A024,AN17A024,12,,
51188,DNg18_a,DNg18_a,2,,
51200,AN07B041,AN07B041,2,,
51273,AN07B101_b,AN07B101_b,2,,
51290,AN05B078,AN05B078,6,,
51393,AN07B049,AN07B049,0,,
51494,AN08B081,AN08B081,6,,
51570,AN07B041,AN07B041,2,,
51597,ANXXX264,ANXXX264,12,,
52104,AN09B023,AN09B023,12,,
52112,ANXXX074,ANXXX074,7,,
52122,AN16B078_c,AN16B078_c,0,,
52221,AN02A022,AN02A022,0,,
52419,AN19B039,AN19B039,0,,
52437,AN08B099_a,AN08B099_a,6,,
52450,AN01B014,AN01B014,5,,
52543,AN08B081,AN08B081,6,,
52665,AN12B008,AN12B008,11,,
52770,DNge020,DNge020,9,,
53056,AN08B059,AN08B059,6,wing vibration,Lillvis 2024
53059,AN07B041,AN07B041,2,,
53514,DNpe008,DNpe008,2,,
53581,AN09B021,AN09B021,12,,
53588,AN01A006,AN01A006,11,,
53696,AN07B078_b,AN07B078_b,2,,
53762,AN07B049,AN07B049,0,,
53821,DNge020,DNge020,9,,
54001,AN09B032,AN09B032,12,,
54021,DNpe054,DNpe054,1,,
54115,AN07B025,AN07B025,6,,
54230,AN05B058,AN05B058,12,,
54278,DNg03,DNg03,1,,
54324,AN07B072_e,AN07B072_e,0,,
54542,AN07B101_c,AN07B101_c,2,,
54604,AN02A022,AN02A022,0,,
54774,ANXXX169,ANXXX169,7,,
54923,ANXXX380,ANXXX380,2,,
55021,DNg12_e,DNg12_e,9,ventral head grooming and front leg rubbing,Guo 2022
55185,AN17A024,AN17A024,12,,
55370,DNge045,DNge045,6,,
55375,AN07B049,AN07B049,0,,
55428,AN12B017,AN12B017,11,,
55451,AN08B059,AN08B059,6,wing vibration,Lillvis 2024
55453,AN05B081,AN05B081,11,,
55546,DNg01_c,DNg01_c,11,,
55576,AN12B008,AN12B008,11,,
55579,,na_7,7,,
55763,DNpe011,DNpe011,7,,
55795,AN10B025,AN10B025,9,,
56057,DNpe011,DNpe011,7,,
56138,AN19B009,AN19B009,9,,
56214,DNg03,DNg03,1,,
56218,AN17A024,AN17A024,12,,
56233,AN07B025,AN07B025,6,,
56385,AN05B050_c,AN05B050_c,11,,
56511,AN07B101_b,AN07B101_b,2,,
56587,DNg36_b,DNg36_b,2,,
56630,AN05B049_c,AN05B049_c,3,,
56660,AN07B049,AN07B049,0,,
56679,ANXXX075,ANXXX075,12,,
56710,AN01A021,AN01A021,7,,
56906,AN09B023,AN09B023,12,,
56930,AN07B072_e,AN07B072_e,0,,
57190,AN18B020,AN18B020,0,,
57245,AN08B098,AN08B098,6,,
57335,INXXX063,INXXX063,11,,
57382,AN01B004,AN01B004,5,,
57644,AN07B049,AN07B049,0,,
57732,AN06A017,AN06A017,0,,
57774,AN06A017,AN06A017,0,,
57776,DNge020,DNge020,9,,
58156,AN01A049,AN01A049,7,,
58229,AN01A006,AN01A006,11,,
58298,AN16B078_a,AN16B078_a,0,,
58394,AN09A005,AN09A005,6,,
58581,DNpe015,DNpe015,1,,
58594,AN17A073,AN17A073,6,,
58609,AN19B009,AN19B009,9,,
58667,AN07B101_c,AN07B101_c,2,,
58725,AN09B009,AN09B009,12,,
58772,AN08B099_j,AN08B099_j,6,,
59262,AN01B011,AN01B011,11,,
59387,AN05B023a,AN05B023a,5,,
59703,AN26X004,AN26X004,6,,
60041,ANXXX007,ANXXX007,2,,
60372,AN05B049_c,AN05B049_c,3,,
60511,AN08B099_g,AN08B099_g,6,,
61011,AN18B053,AN18B053,6,,
61625,AN07B078_a,AN07B078_a,2,,
62005,AN12B089,AN12B089,6,,
62405,DNg39,DNg39,7,,
62677,AN05B063,AN05B063,11,,
62760,AN03B095,AN03B095,0,,
62810,AN08B023,AN08B023,12,,
62884,AN02A046,AN02A046,2,,
63109,AN18B020,AN18B020,0,,
63154,AN16B078_c,AN16B078_c,0,,
63287,DNg12_b,DNg12_b,0,ventral head grooming and front leg rubbing,Guo 2022
63539,ANXXX023,ANXXX023,0,,
63701,DNd02,DNd02,10,"walking related, slow locomotion, octopamine","Babski 2024, Cande, J. 2018"
63718,DNg10,DNg10,0,,
63939,AN06A030,AN06A030,6,,
63963,AN07B049,AN07B049,0,,
64108,AN08B099_h,AN08B099_h,6,,
64257,AN08B089,AN08B089,6,,
64315,ANXXX084,ANXXX084,7,,
64444,AN09B030,AN09B030,12,,
64528,AN07B072_e,AN07B072_e,0,,
64873,AN09B035,AN09B035,12,,
64916,AN01B004,AN01B004,5,,
65170,AN03B095,AN03B095,0,,
65465,AN18B053,AN18B053,6,,
65577,AN08B059,AN08B059,6,wing vibration,Lillvis 2024
66084,AN02A046,AN02A046,2,,
66264,AN18B053,AN18B053,6,,
66284,DNg47,DNg47,9,,
66446,AN06B068,AN06B068,2,,
66518,AN09B009,AN09B009,12,,
66800,AN04A001,AN04A001,12,,
67038,AN08B089,AN08B089,6,,
67107,DNg18_b,DNg18_b,1,,
67239,ANXXX024,ANXXX024,12,,
67529,AN07B011,AN07B011,11,,
67824,AN16B078_d,AN16B078_d,0,,
67951,AN06B068,AN06B068,2,,
67972,ANXXX200,ANXXX200,0,,
67982,DNge013,DNge013,8,,
68005,DNg82,DNg82,1,,
68642,AN16B112,AN16B112,0,,
68651,AN05B078,AN05B078,6,,
69173,DNpe018,DNpe018,10,,
69211,AN09B030,AN09B030,12,,
69409,DNg06,DNg06,3,,
69759,AN11B008,AN11B008,0,,
70004,AN07B072_e,AN07B072_e,0,,
70198,AN07B069_b,AN07B069_b,0,,
70636,ANXXX024,ANXXX024,12,,
70651,AN09A005,AN09A005,6,,
71162,AN08B095,AN08B095,6,,
71245,AN05B071,AN05B071,11,,
71282,AN07B042,AN07B042,0,,
71633,DNpe015,DNpe015,1,,
71722,AN07B101_a,AN07B101_a,6,,
71940,AN14A003,AN14A003,6,,
71953,DNg06,DNg06,3,,
72013,AN09B035,AN09B035,12,,
72021,AN12B080,AN12B080,6,,
72215,AN05B015,AN05B015,7,,
72401,IN06B017,IN06B017,0,,
72661,AN19B046,AN19B046,0,,
72959,AN08B099_b,AN08B099_b,6,,
73179,AN00A009,AN00A009,9,,
73541,DNg18_b,DNg18_b,1,,
73606,ANXXX338,ANXXX338,6,,
73615,AN07B069_b,AN07B069_b,0,,
73753,AN07B003,AN07B003,11,,
73864,AN05B056,AN05B056,12,,
74105,AN17B005,AN17B005,11,,
74133,AN19B059,AN19B059,0,,
74183,AN08B099_g,AN08B099_g,6,,
74389,AN06B031,AN06B031,6,,
74561,AN19B010,AN19B010,11,,
74742,AN19A018,AN19A018,11,halting,Sapkal 2024
75140,AN17A015,AN17A015,12,,
75194,AN07B069_b,AN07B069_b,0,,
75729,AN07B011,AN07B011,11,,
75754,AN19B009,AN19B009,9,,
75833,AN08B109,AN08B109,6,,
75920,AN08B111,AN08B111,2,,
75938,AN08B109,AN08B109,6,,
76294,AN08B098,AN08B098,6,,
76363,AN08B101,AN08B101,6,,
76367,AN08B101,AN08B101,6,,
76512,AN08B106,AN08B106,2,,
76611,AN08B111,AN08B111,2,,
76985,AN19B022,AN19B022,11,,
77107,AN12B055,AN12B055,3,,
77245,AN06B051,AN06B051,2,,
77349,AN09B035,AN09B035,12,,
77693,AN08B099_g,AN08B099_g,6,,
78114,AN04A001,AN04A001,12,,
78157,AN05B050_b,AN05B050_b,11,,
78164,ANXXX380,ANXXX380,2,,
78341,AN19B046,AN19B046,0,,
78620,AN17A013,AN17A013,12,,
78630,AN07B046_c,AN07B046_c,3,,
78641,DNpe057,DNpe057,2,,
79044,AN17B012,AN17B012,12,,
79158,AN08B098,AN08B098,6,,
79187,AN08B112,AN08B112,2,,
79289,AN05B071,AN05B071,11,,
79403,AN07B069_b,AN07B069_b,0,,
79556,AN17A015,AN17A015,12,,
79634,ANXXX037,ANXXX037,11,,
79892,DNg18_a,DNg18_a,2,,
79897,ANXXX202,ANXXX202,8,,
79943,DNg05_b,DNg05_b,1,,
80046,AN08B099_h,AN08B099_h,6,,
80212,AN08B005,AN08B005,12,,
80346,AN08B094,AN08B094,6,,
80419,AN08B101,AN08B101,6,,
80724,AN08B101,AN08B101,6,,
80727,AN01A021,AN01A021,7,,
81109,AN17A013,AN17A013,12,,
81230,AN06B031,AN06B031,6,,
81566,AN19B060,AN19B060,0,,
81588,AN10B045,AN10B045,6,,
81707,AN19B060,AN19B060,0,,
82131,AN10B045,AN10B045,6,,
82411,DNg06,DNg06,3,,
82508,ANXXX169,ANXXX169,7,,
82791,AN17A013,AN17A013,12,,
82880,AN04A001,AN04A001,12,,
82900,AN08B097,AN08B097,6,,
82912,IN17A051,IN17A051,7,,
83621,AN06A030,AN06A030,6,,
83661,DNge046,DNge046,6,,
83880,ANXXX202,ANXXX202,8,,
84268,AN19B051,AN19B051,11,,
84378,AN08B103,AN08B103,6,,
84503,AN16B112,AN16B112,0,,
84623,AN07B071_a,AN07B071_a,0,,
84817,AN05B067,AN05B067,11,,
85165,AN17A015,AN17A015,12,,
85220,AN05B062,AN05B062,11,,
85298,AN06B045,AN06B045,2,,
85508,AN10B045,AN10B045,6,,
85530,AN09B040,AN09B040,11,,
85538,AN05B049_b,AN05B049_b,11,,
85686,AN06B051,AN06B051,2,,
85758,AN10B045,AN10B045,6,,
85781,AN06B068,AN06B068,2,,
86299,AN06B068,AN06B068,2,,
86590,,na_8,11,,
86646,AN05B015,AN05B015,7,,
86887,AN05B054_a,AN05B054_a,12,,
87028,AN06B068,AN06B068,2,,
87309,ANXXX171,ANXXX171,0,,
87419,AN07B072_f,AN07B072_f,2,,
87499,AN09B023,AN09B023,12,,
87645,AN09B032,AN09B032,12,,
88070,AN04B004,AN04B004,11,,
88392,AN07B042,AN07B042,0,,
88408,AN08B098,AN08B098,6,,
88461,AN07B069_b,AN07B069_b,0,,
89217,AN01B011,AN01B011,11,,
89420,AN08B100,AN08B100,2,,
90051,AN07B003,AN07B003,11,,
90118,AN08B100,AN08B100,2,,
90235,DNp17,DNp17,1,steering?,
90390,IN06B027,IN06B027,12,,
90534,AN08B099_c,AN08B099_c,6,,
90669,AN10B045,AN10B045,6,,
90683,AN17A015,AN17A015,12,,
90710,AN19B059,AN19B059,0,,
90711,AN07B072_b,AN07B072_b,2,,
90756,AN19B093,AN19B093,2,,
90850,AN10B045,AN10B045,6,,
90949,AN08B106,AN08B106,2,,
91194,AN16B112,AN16B112,0,,
91201,DNge071,DNge071,0,,
91413,AN07B082_d,AN07B082_d,0,,
91538,AN19B059,AN19B059,0,,
91740,AN09B035,AN09B035,12,,
92001,AN08B100,AN08B100,2,,
92052,AN07B072_a,AN07B072_a,0,,
92534,AN08B100,AN08B100,2,,
92774,AN05B081,AN05B081,11,,
92806,AN07B046_c,AN07B046_c,3,,
92936,DNge083,DNge083,10,,
93001,ANXXX202,ANXXX202,8,,
93105,AN09B040,AN09B040,11,,
93227,AN04A001,AN04A001,12,,
93756,AN08B100,AN08B100,2,,
93812,AN08B112,AN08B112,2,,
93833,AN08B096,AN08B096,2,,
93982,AN07B042,AN07B042,0,,
94243,AN08B100,AN08B100,2,,
94425,AN19B059,AN19B059,0,,
94612,AN19B060,AN19B060,0,,
94732,AN08B101,AN08B101,6,,
94838,DNg03,DNg03,1,,
94941,AN07B072_f,AN07B072_f,2,,
95022,AN07B057,AN07B057,6,,
95106,AN05B049_b,AN05B049_b,11,,
95401,AN19B076,AN19B076,0,,
95403,AN05B045,AN05B045,7,,
95652,AN08B100,AN08B100,2,,
95862,AN08B031,AN08B031,9,wing vibration,Lillvis 2024
95918,AN19B059,AN19B059,0,,
96106,DNbe002,DNbe002,10,,
96166,DNge176,DNge176,1,,
96482,AN07B072_a,AN07B072_a,0,,
97309,AN08B098,AN08B098,6,,
97432,AN08B094,AN08B094,6,,
97614,DNp17,DNp17,1,steering?,
97980,DNpe029,DNpe029,5,,
97985,AN10B033,AN10B033,2,,
98013,AN19B060,AN19B060,0,,
98227,DNpe009,DNpe009,1,,
98400,AN19B076,AN19B076,0,,
98764,AN04A001,AN04A001,12,,
98875,AN05B059,AN05B059,11,,
99309,AN09B040,AN09B040,11,,
99327,AN06B039,AN06B039,11,,
99545,AN08B097,AN08B097,6,,
99551,AN10B033,AN10B033,2,,
99955,DNpe011,DNpe011,7,,
100012,AN07B032,AN07B032,1,,
100059,AN17A015,AN17A015,12,,
100113,AN05B063,AN05B063,11,,
100234,AN05B050_a,AN05B050_a,11,,
101146,AN19B093,AN19B093,2,,
101169,AN08B099_c,AN08B099_c,6,,
101522,AN07B072_c,AN07B072_c,2,,
101681,AN08B098,AN08B098,6,,
101889,DNge025,DNge025,9,,
102964,AN06A060,AN06A060,0,,
102965,AN06B068,AN06B068,2,,
103156,AN06B048,AN06B048,0,,
103189,AN10B045,AN10B045,6,,
103235,AN10B053,AN10B053,2,,
103807,AN05B056,AN05B056,12,,
104547,AN08B103,AN08B103,6,,
104738,AN05B069,AN05B069,3,,
104910,AN07B062,AN07B062,6,,
105057,AN07B082_b,AN07B082_b,0,,
105291,AN06A026,AN06A026,0,,
105726,AN06A026,AN06A026,0,,
105789,AN06B046,AN06B046,2,,
105806,AN07B070,AN07B070,2,,
105831,AN06A018,AN06A018,1,,
105893,AN10B033,AN10B033,2,,
105967,AN09B035,AN09B035,12,,
106045,AN07B050,AN07B050,2,,
106104,AN05B045,AN05B045,7,,
106199,AN07B082_d,AN07B082_d,0,,
106214,AN08B079_b,AN08B079_b,2,,
106293,AN08B094,AN08B094,6,,
106310,AN07B082_b,AN07B082_b,0,,
106355,AN18B053,AN18B053,6,,
106544,AN07B072_a,AN07B072_a,0,,
106648,AN06A026,AN06A026,0,,
107413,AN10B033,AN10B033,2,,
108171,AN19B059,AN19B059,0,,
108202,AN07B062,AN07B062,6,,
108261,AN08B106,AN08B106,2,,
108296,AN19B076,AN19B076,0,,
108395,AN08B079_b,AN08B079_b,2,,
109150,AN12B089,AN12B089,6,,
109328,AN06B048,AN06B048,0,,
109486,AN19B059,AN19B059,0,,
109626,ANXXX169,ANXXX169,7,,
109707,AN07B050,AN07B050,2,,
109776,AN07B071_c,AN07B071_c,0,,
110140,AN10B053,AN10B053,2,,
110429,AN10B045,AN10B045,6,,
110697,AN08B099_e,AN08B099_e,6,,
111207,AN10B033,AN10B033,2,,
111348,AN07B082_c,AN07B082_c,0,,
111432,AN09B040,AN09B040,11,,
111439,AN10B053,AN10B053,2,,
111877,AN09B040,AN09B040,11,,
112210,AN08B099_d,AN08B099_d,6,,
112284,AN07B069_b,AN07B069_b,0,,
112589,AN08B099_d,AN08B099_d,6,,
112677,AN10B033,AN10B033,2,,
112841,AN05B104,AN05B104,6,,
113166,DNpe018,DNpe018,10,,
113323,AN05B104,AN05B104,6,,
113651,AN06B039,AN06B039,11,,
114184,AN05B050_a,AN05B050_a,11,,
114550,IN10B007,IN10B007,11,,
114612,AN16B078_b,AN16B078_b,0,,
114757,AN04B004,AN04B004,11,,
114795,AN08B031,AN08B031,9,wing vibration,Lillvis 2024
114880,AN10B053,AN10B053,2,,
116576,AN08B079_b,AN08B079_b,2,,
116672,AN19B093,AN19B093,2,,
116739,AN06A041,AN06A041,0,,
117092,AN10B053,AN10B053,2,,
117433,AN08B106,AN08B106,2,,
117465,AN10B045,AN10B045,6,,
117692,AN08B059,AN08B059,6,wing vibration,Lillvis 2024
117712,AN07B071_d,AN07B071_d,0,,
117817,AN08B047,AN08B047,2,,
118151,AN08B079_a,AN08B079_a,2,,
118257,AN07B056,AN07B056,0,,
118303,AN05B060,AN05B060,11,,
118766,AN08B079_b,AN08B079_b,2,,
118772,AN07B056,AN07B056,0,,
118792,AN08B079_a,AN08B079_a,2,,
119284,AN07B042,AN07B042,0,,
119815,AN07B072_c,AN07B072_c,2,,
119884,ANXXX171,ANXXX171,0,,
119914,AN07B085,AN07B085,0,,
119995,AN12B060,AN12B060,9,,
120187,AN10B053,AN10B053,2,,
120262,AN07B056,AN07B056,0,,
120476,AN14B012,AN14B012,6,,
120568,AN06A062,AN06A062,0,,
120960,AN16B112,AN16B112,0,,
120984,AN07B072_d,AN07B072_d,0,,
121294,AN19B093,AN19B093,2,,
121691,AN17A024,AN17A024,12,,
121748,AN07B072_d,AN07B072_d,0,,
121911,AN06A062,AN06A062,0,,
122012,AN07B045,AN07B045,11,,
122112,AN01A014,AN01A014,9,,
122261,AN07B062,AN07B062,6,,
122597,AN10B045,AN10B045,6,,
122754,AN10B048,AN10B048,2,,
123315,AN07B070,AN07B070,2,,
123827,AN19B063,AN19B063,2,,
124174,AN08B079_b,AN08B079_b,2,,
124222,AN06A026,AN06A026,0,,
124578,ANXXX086,ANXXX086,12,,
124689,AN05B054_a,AN05B054_a,12,,
125223,AN10B048,AN10B048,2,,
125469,AN07B085,AN07B085,0,,
125557,AN07B032,AN07B032,1,,
125885,AN07B071_c,AN07B071_c,0,,
125886,AN06A018,AN06A018,1,,
125949,AN12B080,AN12B080,6,,
126209,AN06B046,AN06B046,2,,
126597,AN10B045,AN10B045,6,,
126615,AN07B062,AN07B062,6,,
126727,AN08B047,AN08B047,2,,
126986,AN19B065,AN19B065,2,,
127217,AN10B053,AN10B053,2,,
127742,DNge179,DNge179,0,,
127914,AN08B099_e,AN08B099_e,6,,
128197,AN08B079_a,AN08B079_a,2,,
128832,AN10B053,AN10B053,2,,
129431,AN07B056,AN07B056,0,,
129436,AN07B062,AN07B062,6,,
130140,AN05B104,AN05B104,6,,
130333,AN12B089,AN12B089,6,,
130639,AN05B068,AN05B068,7,,
131108,AN07B082_c,AN07B082_c,0,,
131125,AN07B062,AN07B062,6,,
131199,AN10B045,AN10B045,6,,
131295,AN07B071_d,AN07B071_d,0,,
131384,AN07B072_d,AN07B072_d,0,,
131604,AN07B071_d,AN07B071_d,0,,
131792,AN07B082_a,AN07B082_a,0,,
132257,AN07B056,AN07B056,0,,
132581,AN05B104,AN05B104,6,,
132618,AN06B045,AN06B045,2,,
132923,AN08B110,AN08B110,6,,
133485,AN08B079_a,AN08B079_a,2,,
134030,AN08B043,AN08B043,6,wing vibration,Lillvis 2024
134221,AN06A062,AN06A062,0,,
134828,AN10B048,AN10B048,2,,
135049,AN07B070,AN07B070,2,,
135600,AN19B061,AN19B061,0,,
135694,AN07B045,AN07B045,11,,
135809,AN06A080,AN06A080,0,,
136369,AN05B068,AN05B068,7,,
136663,AN10B048,AN10B048,2,,
137572,AN10B047,AN10B047,6,,
137815,AN08B102,AN08B102,2,,
137839,AN05B054_b,AN05B054_b,11,,
137843,AN07B071_c,AN07B071_c,0,,
138315,AN07B085,AN07B085,0,,
138523,AN08B079_a,AN08B079_a,2,,
139028,AN09B040,AN09B040,11,,
139436,AN06A010,AN06A010,0,,
139623,AN08B110,AN08B110,6,,
139941,AN11B012,AN11B012,0,,
140146,AN05B053,AN05B053,12,,
140179,AN12B089,AN12B089,6,,
140194,AN12B060,AN12B060,9,,
140213,AN12B060,AN12B060,9,,
140650,AN10B047,AN10B047,6,,
140895,AN10B047,AN10B047,6,,
141369,AN19B061,AN19B061,0,,
141639,AN07B060,AN07B060,2,,
141892,AN10B034,AN10B034,6,,
142316,AN05B054_b,AN05B054_b,11,,
142953,AN10B034,AN10B034,6,,
143244,AN08B097,AN08B097,6,,
143861,AN05B083,AN05B083,11,,
144505,DNg65,DNg65,5,,
144519,AN07B062,AN07B062,6,,
145101,AN07B089,AN07B089,2,,
145544,AN07B046_b,AN07B046_b,2,,
145823,AN07B046_a,AN07B046_a,2,,
146059,AN08B079_a,AN08B079_a,2,,
146502,AN07B046_a,AN07B046_a,2,,
146936,AN10B047,AN10B047,6,,
147617,AN19B065,AN19B065,2,,
147822,AN10B053,AN10B053,2,,
148063,AN12B060,AN12B060,9,,
148129,AN07B046_a,AN07B046_a,2,,
148303,AN07B071_c,AN07B071_c,0,,
148730,AN08B099_a,AN08B099_a,6,,
148994,AN08B047,AN08B047,2,,
149075,AN19B051,AN19B051,11,,
149207,AN10B045,AN10B045,6,,
149433,AN07B089,AN07B089,2,,
149458,AN19B099,AN19B099,2,,
149486,AN07B045,AN07B045,11,,
149631,AN08B061,AN08B061,2,,
149920,DNg106,DNg106,4,,
150232,AN07B069_a,AN07B069_a,0,,
150355,AN11B012,AN11B012,0,,
150442,AN08B100,AN08B100,2,,
150463,AN19B065,AN19B065,2,,
150489,AN09B016,AN09B016,6,,
151406,DNge117,DNge117,1,,
151469,AN10B047,AN10B047,6,,
151517,AN10B047,AN10B047,6,,
151896,ANXXX202,ANXXX202,8,,
152076,AN08B096,AN08B096,2,,
152243,DNpe057,DNpe057,2,,
152496,AN09B037,AN09B037,7,,
152565,AN19B079,AN19B079,2,,
152604,AN07B082_a,AN07B082_a,0,,
152698,AN10B035,AN10B035,6,,
152914,AN06A112,AN06A112,2,,
153028,DNge074,DNge074,11,,
153120,AN06A080,AN06A080,0,,
153256,AN06A095,AN06A095,2,,
153337,AN06A080,AN06A080,0,,
153427,AN07B060,AN07B060,2,,
154234,AN10B047,AN10B047,6,,
154274,AN08B061,AN08B061,2,,
154435,AN10B035,AN10B035,6,,
154567,AN07B076,AN07B076,0,,
154666,AN10B062,AN10B062,6,,
154726,AN18B003,AN18B003,11,,
154829,AN07B069_a,AN07B069_a,0,,
154893,AN18B003,AN18B003,11,,
155172,AN07B045,AN07B045,11,,
155279,AN07B089,AN07B089,2,,
155298,AN05B054_b,AN05B054_b,11,,
155303,,na_9,3,,
156076,AN05B104,AN05B104,6,,
156120,AN07B085,AN07B085,0,,
156614,AN06A092,AN06A092,2,,
157196,AN08B079_b,AN08B079_b,2,,
157371,AN08B061,AN08B061,2,,
157603,AN05B048,AN05B048,11,,
158217,AN09B044,AN09B044,11,,
158228,AN07B089,AN07B089,2,,
158419,AN12B089,AN12B089,6,,
158437,AN06A080,AN06A080,0,,
158477,AN07B110,AN07B110,0,,
159121,IN07B063,IN07B063,0,,
159437,AN07B046_a,AN07B046_a,2,,
160013,AN07B060,AN07B060,2,,
160440,ANXXX202,ANXXX202,8,,
160651,AN17A014,AN17A014,12,,
161298,AN12B089,AN12B089,6,,
161406,"DNp51,DNpe019","DNp51,DNpe019",1,,
161649,AN05B104,AN05B104,6,,
161900,AN05B048,AN05B048,11,,
162371,AN06A010,AN06A010,0,,
162384,AN08B098,AN08B098,6,,
162471,AN09B020,AN09B020,12,,
162487,AN08B098,AN08B098,6,,
162650,AN08B061,AN08B061,2,,
163382,AN08B079_b,AN08B079_b,2,,
163530,AN05B054_b,AN05B054_b,11,,
163569,AN10B035,AN10B035,6,,
163571,AN07B085,AN07B085,0,,
164157,AN07B085,AN07B085,0,,
165031,DNpe018,DNpe018,10,,
165035,ANXXX169,ANXXX169,7,,
165664,ANXXX169,ANXXX169,7,,
165790,AN07B063,AN07B063,2,,
166158,AN08B112,AN08B112,2,,
166323,AN10B045,AN10B045,6,,
166366,AN19B093,AN19B093,2,,
166368,AN08B035,AN08B035,2,,
166468,AN19B099,AN19B099,2,,
166563,IN05B070,IN05B070,6,,
166807,AN08B113,AN08B113,6,proboscis extension,Chen 2023
167019,AN08B047,AN08B047,2,,
168208,AN07B071_d,AN07B071_d,0,,
168586,AN19B063,AN19B063,2,,
168845,AN19B065,AN19B065,2,,
168970,AN10B045,AN10B045,6,,
168997,AN10B035,AN10B035,6,,
169117,AN07B089,AN07B089,2,,
169650,AN16B081,AN16B081,0,,
169746,DNge114,DNge114,2,,
169825,AN07B089,AN07B089,2,,
169836,AN07B085,AN07B085,0,,
169850,AN08B005,AN08B005,12,,
170107,DNge182,DNge182,11,,
170189,AN08B113,AN08B113,6,proboscis extension,Chen 2023
170347,AN19B100,AN19B100,0,,
170523,AN10B034,AN10B034,6,,
170689,AN19B100,AN19B100,0,,
170698,AN08B113,AN08B113,6,proboscis extension,Chen 2023
171303,AN06A092,AN06A092,2,,
171388,AN05B100,AN05B100,12,,
171693,AN06A095,AN06A095,2,,
171800,AN08B100,AN08B100,2,,
171851,AN10B045,AN10B045,6,,
171997,AN10B062,AN10B062,6,,
172063,AN07B076,AN07B076,0,,
172264,AN05B068,AN05B068,7,,
173420,AN10B047,AN10B047,6,,
173593,DNpe008,DNpe008,2,,
174202,AN19B061,AN19B061,0,,
174420,AN09A005,AN09A005,6,,
174691,AN07B089,AN07B089,2,,
176451,AN07B089,AN07B089,2,,
177157,AN19B104,AN19B104,2,,
177410,AN07B091,AN07B091,2,,
177685,DNg02_e,DNg02_e,1,flight,Namiki 2022
178260,AN07B045,AN07B045,11,,
178516,DNpe029,DNpe029,5,,
179345,AN07B089,AN07B089,2,,
179513,AN07B085,AN07B085,0,,
180085,AN19B079,AN19B079,2,,
180214,AN06A112,AN06A112,2,,
181823,AN10B035,AN10B035,6,,
182107,AN10B037,AN10B037,6,,
182110,AN06A112,AN06A112,2,,
182601,AN12B060,AN12B060,9,,
182945,AN10B037,AN10B037,6,,
183307,AN07B110,AN07B110,0,,
183387,AN08B100,AN08B100,2,,
183524,AN07B060,AN07B060,2,,
183575,AN08B097,AN08B097,6,,
183722,AN08B079_a,AN08B079_a,2,,
183736,AN08B061,AN08B061,2,,
183777,IN10B007,IN10B007,11,,
183815,IN07B063,IN07B063,0,,
183820,AN10B046,AN10B046,6,,
184114,AN08B061,AN08B061,2,,
184141,AN10B046,AN10B046,6,,
184173,AN19B099,AN19B099,2,,
184205,AN07B071_a,AN07B071_a,0,,
184704,AN19B063,AN19B063,2,,
185564,AN07B063,AN07B063,2,,
185977,DNge102,DNge102,11,,
186220,AN07B110,AN07B110,0,,
186380,DNge144,DNge144,11,,
186674,AN10B039,AN10B039,6,,
186858,AN10B037,AN10B037,6,,
187243,AN07B045,AN07B045,11,,
188027,AN10B045,AN10B045,6,,
188632,AN19B079,AN19B079,2,,
188688,AN19B101,AN19B101,2,,
188811,AN19B065,AN19B065,2,,
188933,DNg92_a,DNg92_a,1,,
188947,DNg60,DNg60,9,halting,Sapkal 2024
189543,AN08B107,AN08B107,6,,
191906,AN10B046,AN10B046,6,,
192123,AN12B060,AN12B060,9,,
192150,AN10B047,AN10B047,6,,
194659,AN19B061,AN19B061,0,,
194743,AN10B039,AN10B039,6,,
194974,AN10B046,AN10B046,6,,
195227,AN10B039,AN10B039,6,,
195264,AN09A005,AN09A005,6,,
195309,AN10B039,AN10B039,6,,
195620,AN08B031,AN08B031,9,wing vibration,Lillvis 2024
196242,AN06A112,AN06A112,2,,
196847,AN10B037,AN10B037,6,,
197252,DNg92_a,DNg92_a,1,,
199331,AN06B042,AN06B042,3,,
199352,DNge130,DNge130,3,,
199469,AN08B113,AN08B113,6,proboscis extension,Chen 2023
199504,IN17A037,IN17A037,6,,
199565,AN10B037,AN10B037,6,,
199644,AN19B104,AN19B104,2,,
199796,AN07B076,AN07B076,0,,
200336,AN05B023b,AN05B023b,5,,
200512,AN07B110,AN07B110,0,,
201119,AN07B110,AN07B110,0,,
202300,AN10B031,AN10B031,2,,
202710,AN10B035,AN10B035,6,,
203133,AN06B042,AN06B042,3,,
203146,DNg06,DNg06,3,,
204045,AN10B039,AN10B039,6,,
204318,AN06A092,AN06A092,2,,
204366,AN19B063,AN19B063,2,,
204507,AN06A016,AN06A016,0,,
204984,AN07B076,AN07B076,0,,
205202,AN19B101,AN19B101,2,,
205423,AN10B053,AN10B053,2,,
205491,AN10B039,AN10B039,6,,
205625,AN16B078_b,AN16B078_b,0,,
206151,AN10B046,AN10B046,6,,
206176,AN10B035,AN10B035,6,,
207525,AN10B046,AN10B046,6,,
207692,AN08B113,AN08B113,6,proboscis extension,Chen 2023
208308,AN10B046,AN10B046,6,,
209300,AN08B102,AN08B102,2,,
209655,DNg06,DNg06,3,,
210037,AN06A095,AN06A095,2,,
210215,AN09B023,AN09B023,12,,
210615,AN07B091,AN07B091,2,,
210655,AN10B045,AN10B045,6,,
212347,AN07B110,AN07B110,0,,
213643,AN10B061,AN10B061,2,,
214629,AN19B104,AN19B104,2,,
214843,AN10B035,AN10B035,6,,
215118,AN10B037,AN10B037,6,,
215209,AN09B037,AN09B037,7,,
215424,AN08B113,AN08B113,6,proboscis extension,Chen 2023
215515,AN10B037,AN10B037,6,,
215622,AN10B039,AN10B039,6,,
215925,AN19B104,AN19B104,2,,
216011,AN19B101,AN19B101,2,,
216291,AN19B104,AN19B104,2,,
217221,AN08B097,AN08B097,6,,
217233,AN10B039,AN10B039,6,,
217430,DNg06,DNg06,3,,
217516,DNpe009,DNpe009,1,,
217594,AN08B099_b,AN08B099_b,6,,
218722,ANXXX086,ANXXX086,12,,
218845,DNg06,DNg06,3,,
218878,AN19B104,AN19B104,2,,
219685,AN10B037,AN10B037,6,,
220203,DNge061,DNge061,9,,
220627,AN07B100,AN07B100,2,,
221015,ANXXX008,ANXXX008,6,,
221125,AN19B104,AN19B104,2,,
221619,AN10B039,AN10B039,6,,
222154,AN00A002,AN00A002,11,,
222611,AN19B079,AN19B079,2,,
222690,AN07B089,AN07B089,2,,
222777,AN09A005,AN09A005,6,,
222954,AN10B045,AN10B045,6,,
223170,DNge145,DNge145,3,,
223783,AN05B105,AN05B105,12,,
223870,AN08B084,AN08B084,6,,
223886,AN19B101,AN19B101,2,,
224051,AN19B104,AN19B104,2,,
224116,AN10B035,AN10B035,6,,
224753,DNg05_b,DNg05_b,1,,
225466,DNg02_c,DNg02_c,1,,
225781,DNge179,DNge179,0,,
225823,AN10B037,AN10B037,6,,
225850,AN10B046,AN10B046,6,,
226016,DNge009,DNge009,9,,
226581,AN12B076,AN12B076,3,,
226775,AN10B039,AN10B039,6,,
227102,AN14A003,AN14A003,6,,
227788,AN19B079,AN19B079,2,,
228085,AN09B044,AN09B044,11,,
228310,IN08B021,IN08B021,11,,
228354,AN07B060,AN07B060,2,,
228438,AN06A112,AN06A112,2,,
228714,DNge061,DNge061,9,,
229702,AN10B047,AN10B047,6,,
229839,AN10B039,AN10B039,6,,
230604,AN19B101,AN19B101,2,,
230783,DNg97,DNg97,10,walking,Sapkal 2024
232796,AN08B099_a,AN08B099_a,6,,
233071,DNg04,DNg04,1,,
234225,AN19B106,AN19B106,2,,
235061,AN09A005,AN09A005,6,,
235648,AN10B037,AN10B037,6,,
236146,AN12B060,AN12B060,9,,
236642,AN12B080,AN12B080,6,,
236699,AN10B047,AN10B047,6,,
237744,AN19B106,AN19B106,2,,
237936,DNg09_a,DNg09_a,3,,
238250,AN10B034,AN10B034,6,,
238699,DNg07,DNg07,3,flight,Namiki 2022
238896,DNge071,DNge071,0,,
240034,DNg01_d,DNg01_d,11,,
241203,AN10B046,AN10B046,6,,
241849,AN10B039,AN10B039,6,,
242405,DNge046,DNge046,6,,
243928,AN19B102,AN19B102,2,,
244400,DNge020,DNge020,9,,
247786,AN01B011,AN01B011,11,,
248583,DNge009,DNge009,9,,
250223,AN10B061,AN10B061,2,,
250291,AN19B079,AN19B079,2,,
253454,IN10B058,IN10B058,2,,
253904,AN08B061,AN08B061,2,,
254884,AN08B043,AN08B043,6,wing vibration,Lillvis 2024
256420,DNge050,DNge050,10,walking,Sapkal 2024
257825,DNg36_b,DNg36_b,2,,
258513,DNge093,DNge093,3,,
259442,DNpe015,DNpe015,1,,
260457,AN10B048,AN10B048,2,,
261364,AN10B061,AN10B061,2,,
261604,DNg07,DNg07,3,flight,Namiki 2022
262979,DNg02_b,DNg02_b,1,flight,Namiki 2022
263534,AN19B098,AN19B098,2,,
265275,AN19B065,AN19B065,2,,
267327,DNge089,DNge089,3,,
268258,DNge173,DNge173,9,,
268363,AN06A027,AN06A027,8,,
271536,AN19B102,AN19B102,2,,
273577,AN10B045,AN10B045,6,,
274021,DNg01_a,DNg01_a,1,,
275924,AN08B113,AN08B113,6,proboscis extension,Chen 2023
278337,AN10B046,AN10B046,6,,
280052,AN27X024,AN27X024,7,,
280938,AN27X018,AN27X018,7,,
282479,AN10B034,AN10B034,6,,
282502,AN10B031,AN10B031,2,,
284115,AN08B113,AN08B113,6,proboscis extension,Chen 2023
284997,AN14B012,AN14B012,6,,
285158,AN05B049_a,AN05B049_a,11,,
285201,AN07B069_a,AN07B069_a,0,,
287529,AN10B035,AN10B035,6,,
289020,AN10B045,AN10B045,6,,
293304,AN10B045,AN10B045,6,,
293452,DNg10,DNg10,0,,
295340,DNg02_c,DNg02_c,1,,
296779,AN10B061,AN10B061,2,,
297676,IN08B021,IN08B021,11,,
300102,AN10B047,AN10B047,6,,
300401,AN10B053,AN10B053,2,,
302599,DNg02_c,DNg02_c,1,,
304430,AN07B057,AN07B057,6,,
306404,AN12B060,AN12B060,9,,
306725,AN10B047,AN10B047,6,,
309831,DNg01_unclear,DNg01_unclear,11,,
312712,DNde003,DNde003,11,,
314801,AN19B098,AN19B098,2,,
321015,AN05B053,AN05B053,12,,
322714,DNg12_b,DNg12_b,0,ventral head grooming and front leg rubbing,Guo 2022
326964,DNg12_a,DNg12_a,0,ventral head grooming and front leg rubbing,Guo 2022
331721,AN27X004,AN27X004,11,flight,Cheong 2024
338479,AN10B035,AN10B035,6,,
342502,AN18B004,AN18B004,12,,
351504,DNge094,DNge094,1,,
351504,DNge094,DNge094,1,,
351792,AN07B069_b,AN07B069_b,0,,
353164,AN07B069_b,AN07B069_b,0,,
358750,AN10B037,AN10B037,6,,
363021,AN10B047,AN10B047,6,,
366006,AN07B097,AN07B097,6,,
366232,AN07B070,AN07B070,2,,
378525,AN10B034,AN10B034,6,,
382580,AN08B031,AN08B031,9,wing vibration,Lillvis 2024
402239,DNpe048,DNpe048,6,neuromodulatory,González Segarra 2023
411306,DNg08,DNg08,4,,
411507,AN10B048,AN10B048,2,,
414262,AN10B046,AN10B046,6,,
419224,AN19B101,AN19B101,2,,
420551,AN08B113,AN08B113,6,proboscis extension,Chen 2023
422646,AN10B045,AN10B045,6,,
428860,AN06A112,AN06A112,2,,
431420,AN08B099_a,AN08B099_a,6,,
435098,AN05B053,AN05B053,12,,
437575,AN10B047,AN10B047,6,,
447301,AN08B057,AN08B057,6,,
467191,AN07B070,AN07B070,2,,
482128,DNg12_b,DNg12_b,0,ventral head grooming and front leg rubbing,Guo 2022
506334,DNp42,DNp42,10,walking?,Braun 2024?
511810,ANXXX308,ANXXX308,11,,
511823,AN09A005,AN09A005,6,,
511828,AN09A005,AN09A005,6,,
511867,AN05B096,AN05B096,12,,
511881,AN05B076,AN05B076,5,,
511926,ANXXX068,ANXXX068,0,,
511997,AN17B013,AN17B013,3,,
512002,AN12B005,AN12B005,11,,
512006,DNg13,DNg13,10,turning during forwards walking,Yang 2024
512037,DNpe009,DNpe009,1,,
512048,DNge061,DNge061,9,,
512059,ANXXX027,ANXXX027,12,,
512071,DNae001,DNae001,10,,
512119,ANXXX055,ANXXX055,7,,
512245,DNc01,DNc01,10,neuromodulatory,Martelli et al. 2017 (im)
512260,AN19B018,AN19B018,0,,
512307,AN27X015,AN27X015,11,,
512461,DNge172,DNge172,8,reproduction,Braun 2024??
512468,AN06B007,AN06B007,11,,
512498,AN09B017f,AN09B017f,5,pheromone,Clowney 2015
512510,ANXXX084,ANXXX084,7,,
512519,ANXXX027,ANXXX027,12,,
512530,AN17B002,AN17B002,4,,
512555,AN09B018,AN09B018,7,,
512614,DNge055,DNge055,9,,
512720,DNge016,DNge016,4,,
512751,DNge105,DNge105,9,,
512782,AN06B039,AN06B039,11,,
512825,ANXXX170,ANXXX170,12,,
512879,DNge117,DNge117,1,,
512880,ANXXX200,ANXXX200,0,,
512916,ANXXX296,ANXXX296,5,,
512929,AN05B106,AN05B106,5,,
512938,DNd05,DNd05,10,,
512947,AN05B076,AN05B076,5,,
513052,DNg15,DNg15,4,,
513055,AN08B059,AN08B059,6,wing vibration,Lillvis 2024
513056,DNge086,DNge086,0,,
513057,DNge046,DNge046,6,,
513079,DNp44,DNp44,10,,
513114,AN01A055,AN01A055,3,,
513134,ANXXX152,ANXXX152,6,,
513169,AN09B018,AN09B018,7,,
513235,AN00A006,AN00A006,7,,
513296,DNb03,DNb03,1,,
513403,ANXXX050,ANXXX050,7,,
513405,AN05B040,AN05B040,12,,
513531,ANXXX150,ANXXX150,7,reproduction,Feng 2014
513643,DNpe039,DNpe039,10,,
513644,ANXXX434,ANXXX434,5,,
513660,ANXXX145,ANXXX145,11,,
513698,AN08B032,AN08B032,12,,
513711,DNa09,DNa09,1,,
513783,DNg01_d,DNg01_d,11,,
513811,AN19B018,AN19B018,0,,
513875,DNge003,DNge003,9,,
513906,ANXXX404,ANXXX404,4,,
513933,AN08B084,AN08B084,6,,
513968,AN05B017,AN05B017,9,,
514020,AN08B018,AN08B018,2,,
514021,DNg04,DNg04,1,,
514025,DNg106,DNg106,4,,
514197,DNge032,DNge032,10,,
514333,DNg61,DNg61,9,,
514384,AN09B004,AN09B004,12,,
514395,AN19B028,AN19B028,1,,
514413,AN27X020,AN27X020,5,,
514441,AN00A006,AN00A006,7,,
514446,AN17B007,AN17B007,3,,
514483,ANXXX170,ANXXX170,12,,
514484,ANXXX196,ANXXX196,7,,
514485,DNg106,DNg106,4,,
514489,DNg49,DNg49,0,,
514525,AN01B011,AN01B011,11,,
514625,ANXXX462a,ANXXX462a,5,,
514660,AN09B003,AN09B003,11,,
514863,AN08B041,AN08B041,2,,
514952,AN08B041,AN08B041,2,,
515029,DNpe027,DNpe027,10,,
515061,AN01B018,AN01B018,11,,
515072,AN05B027,AN05B027,9,,
515249,AN05B099,AN05B099,12,,
515307,AN10B019,AN10B019,6,,
515447,ANXXX196,ANXXX196,7,,
515575,DNp26,DNp26,10,,
515679,AN27X020,AN27X020,5,,
515758,AN05B049_a,AN05B049_a,11,,
515767,ANXXX264,ANXXX264,12,,
515775,ANXXX169,ANXXX169,7,,
515785,DNg76,DNg76,0,,
515804,ANXXX191,ANXXX191,0,,
515950,AN09B033,AN09B033,5,,
515978,DNg08,DNg08,4,,
516109,ANXXX098,ANXXX098,2,puff-responsive (leg tactile),Chen 2023
516170,DNa13,DNa13,10,,
516204,AN12B019,AN12B019,6,,
516215,DNg67,DNg67,5,,
516239,ANXXX255,ANXXX255,11,,
516294,AN10B022,AN10B022,2,,
516367,AN19A018,AN19A018,11,halting,Sapkal 2024
516431,AN07B036,AN07B036,1,,
516514,AN09B032,AN09B032,12,,
516615,AN17A068,AN17A068,12,,
516662,AN05B100,AN05B100,12,,
516667,DNg02_e,DNg02_e,1,flight,Namiki 2022
516680,DNg64,DNg64,6,,
516819,AN19B051,AN19B051,11,,
516821,DNge094,DNge094,1,,
516821,DNge094,DNge094,1,,
516848,AN07B116,AN07B116,6,,
516904,DNde007,DNde007,10,,
516930,DNg81,DNg81,0,,
516956,DNge071,DNge071,0,,
517005,AN05B009,AN05B009,12,,
517104,AN10B037,AN10B037,6,,
517601,AN05B035,AN05B035,5,,
517654,DNg23,DNg23,4,,
517748,AN10B037,AN10B037,6,,
517755,AN08B081,AN08B081,6,,
517830,DNge030,DNge030,1,,
517881,DNg77,DNg77,11,,
517915,AN09B033,AN09B033,5,,
518123,AN06B090,AN06B090,3,,
518177,DNp08,DNp08,10,,
518309,DNpe007,DNpe007,7,,
518330,ANXXX033,ANXXX033,7,,
518426,AN01A086,AN01A086,3,,
518543,vMS16,vMS16,11,,
518563,DNg85,DNg85,4,,
518625,AN05B009,AN05B009,12,,
518733,AN17B013,AN17B013,3,,
519206,DNp17,DNp17,1,steering?,
519228,DNae005,DNae005,10,,
519268,DNp28,DNp28,1,,
519337,DNge120,DNge120,11,,
519385,AN07B069_b,AN07B069_b,0,,
519400,DNg04,DNg04,1,,
519410,DNp34,DNp34,10,,
519460,DNa16,DNa16,1,,
519516,AN09B004,AN09B004,12,,
519538,DNg24,DNg24,4,,
519570,DNg82,DNg82,1,,
519624,DNa03,DNa03,1,steering,Feng 2024
519626,AN17A008,AN17A008,9,,
519654,AN10B024,AN10B024,11,turning,Chen 2023
519660,AN10B009,AN10B009,9,,
519715,DNbe002,DNbe002,10,,
519751,AN27X009,AN27X009,7,,
519771,DNp71,DNp71,10,,
519773,DNge119,DNge119,11,,
519839,DNge062,DNge062,9,,
519872,DNg09_a,DNg09_a,3,,
519896,DNa06,DNa06,0,,
519981,AN04B001,AN04B001,12,,
519983,AN10B026,AN10B026,11,,
520068,AN08B018,AN08B018,2,,
520116,AN05B100,AN05B100,12,,
520118,DNge148,DNge148,0,,
520135,AN19A018,AN19A018,11,halting,Sapkal 2024
520143,ANXXX116,ANXXX116,7,,
520177,AN05B097,AN05B097,7,,
520195,AN05B023d,AN05B023d,5,,
520300,DNg75,DNg75,10,walking,Sapkal 2024
520333,AN17A062,AN17A062,12,,
520386,ANXXX108,ANXXX108,3,,
520485,DNpe016,DNpe016,10,,
520622,AN17A062,AN17A062,12,,
520634,AN16B078_d,AN16B078_d,0,,
520643,DNp46,DNp46,10,,
520709,AN10B017,AN10B017,2,,
520754,AN08B081,AN08B081,6,,
520863,AN05B105,AN05B105,12,,
520883,AN05B101,AN05B101,7,,
520898,DNb04,DNb04,3,,
521101,AN27X018,AN27X018,7,,
521152,AN05B103,AN05B103,11,,
521190,DNae007,DNae007,11,,
521197,DNp56,DNp56,10,,
521262,DNae002,DNae002,1,,
521273,ANXXX380,ANXXX380,2,,
521274,ANXXX380,ANXXX380,2,,
521298,DNge130,DNge130,3,,
521317,DNp104,DNp104,10,,
521373,AN09B004,AN09B004,12,,
521377,DNpe024,DNpe024,10,,
521383,AN10B020,AN10B020,2,,
521445,DNge063,DNge063,10,,
521550,AN27X024,AN27X024,7,,
521624,DNpe023,DNpe023,11,,
521656,AN05B106,AN05B106,5,,
521675,AN05B006,AN05B006,7,,
521770,AN09B031,AN09B031,11,,
521776,DNpe048,DNpe048,6,neuromodulatory,González Segarra 2023
522300,AN10B027,AN10B027,2,,
522310,ANXXX027,ANXXX027,12,,
522345,DNpe037,DNpe037,10,,
522355,AN08B007,AN08B007,12,,
522432,DNp56,DNp56,10,,
522822,AN17A076,AN17A076,12,,
522918,AN06B039,AN06B039,11,,
522961,DNp47,DNp47,10,,
522969,DNp53,DNp53,1,,
522975,ANXXX006,ANXXX006,9,,
523039,DNge055,DNge055,9,,
523329,DNa10,DNa10,10,,
523373,AN09B012,AN09B012,11,,
523378,DNae008,DNae008,10,,
523435,DNg09_a,DNg09_a,3,,
523509,ANXXX255,ANXXX255,11,,
523515,ANXXX250,ANXXX250,1,,
523539,ANXXX027,ANXXX027,12,,
523547,AN05B097,AN05B097,7,,
523602,AN05B096,AN05B096,12,,
523675,AN27X013,AN27X013,11,,
523679,DNge051,DNge051,9,,
523712,ANXXX131,ANXXX131,6,,
523769,DNa02,DNa02,10,turning during forwards walking,"Yang 2024, Rayshubskiy 2025"
523771,DNge001,DNge001,9,,
523773,DNg52,DNg52,1,,
523839,AN08B026,AN08B026,11,,
523843,AN19A018,AN19A018,11,halting,Sapkal 2024
523998,pIP10,pIP10,10,song,Lillvis 2024
524001,DNp05,DNp05,10,escape takeoff,"Cheong, Eichler, Stürner 2024"
524083,AN12B019,AN12B019,6,,
524141,DNge091,DNge091,4,,
524141,DNge091,DNge091,4,,
524141,DNge091,DNge091,4,,
524146,"DNp51,DNpe019","DNp51,DNpe019",1,,
524156,ANXXX084,ANXXX084,7,,
524190,DNge012,DNge012,9,antennal grooming?,Hampel 2015
524225,DNg14,DNg14,11,abdominal movement,Braun 2024?
524245,AN09B014,AN09B014,4,,
524298,AN09B017b,AN09B017b,5,,
524412,DNa06,DNa06,0,,
524429,DNg65,DNg65,5,,
524470,DNbe001,DNbe001,10,,
524518,AN01B002,AN01B002,12,,
524761,AN09A005,AN09A005,6,,
524860,AN09B013,AN09B013,12,,
524898,vMS13,vMS13,6,,
524968,DNp32,DNp32,10,neuromodulatory,Carlsson 2010 (im)
525003,AN06A060,AN06A060,0,,
525126,DNg02_c,DNg02_c,1,,
525407,DNge128,DNge128,7,,
525441,ANXXX169,ANXXX169,7,,
525454,DNg74_b,DNg74_b,10,,
525595,DNg52,DNg52,1,,
525812,DNge091,DNge091,4,,
525812,DNge091,DNge091,4,,
525812,DNge091,DNge091,4,,
525960,DNa13,DNa13,10,,
526288,AN06A027,AN06A027,8,,
526505,ANXXX308,ANXXX308,11,,
526576,AN27X004,AN27X004,11,flight,Cheong 2024
526592,AN05B068,AN05B068,7,,
526698,ANXXX202,ANXXX202,8,,
526948,ANXXX462b,ANXXX462b,5,,
526998,AN17A073,AN17A073,6,,
527114,ANXXX338,ANXXX338,6,,
528984,AN03B039,AN03B039,2,,
529488,DNb02,DNb02,1,steering,Braun 2024?
529568,DNp39,DNp39,10,,
529707,AN07B037_a,AN07B037_a,6,,
530343,DNpe054,DNpe054,1,,
530435,AN09B037,AN09B037,7,,
530448,ANXXX116,ANXXX116,7,,
530686,AN17A018,AN17A018,12,,
530835,AN05B009,AN05B009,12,,
531132,DNge073,DNge073,10,,
531434,DNg12_a,DNg12_a,0,ventral head grooming and front leg rubbing,Guo 2022
531584,AN17A050,AN17A050,11,,
531644,ANXXX084,ANXXX084,7,,
531739,ANXXX127,ANXXX127,11,,
531859,DNpe022,DNpe022,10,,
531898,DNp04,DNp04,10,escape takeoff,Dombrovski 2023
532050,DNp23,DNp23,10,,
532643,AN09B004,AN09B004,12,,
532787,DNg92_b,DNg92_b,1,,
533368,AN10B005,AN10B005,6,rest (leg proprioceptive),Chen 2023
533746,AN17B008,AN17B008,3,,
534063,AN18B001,AN18B001,10,,
534480,AN08B034,AN08B034,6,,
535011,AN06A041,AN06A041,0,,
535513,AN08B095,AN08B095,6,,
535963,DNge014,DNge014,3,,
536048,DNp27,DNp27,10,neuromodulatory,"Meiselman 2022 (im),Chen 2015 (im)"
536207,AN19B019,AN19B019,7,,
537947,AN06A062,AN06A062,0,,
539202,AN08B098,AN08B098,6,,
539234,DNge004,DNge004,0,,
540462,DNge154,DNge154,3,,
541503,AN09B035,AN09B035,12,,
543849,AN10B045,AN10B045,6,,
544361,DNg12_d,DNg12_d,0,ventral head grooming and front leg rubbing,Guo 2022
550221,DNg69,DNg69,11,,
552858,DNg06,DNg06,3,,
555293,DNge146,DNge146,9,,
555457,DNge079,DNge079,10,,
555472,DNae009,DNae009,10,,
555500,DNg29,DNg29,4,,
555501,ANXXX108,ANXXX108,3,,
555713,ANXXX434,ANXXX434,5,,
555725,AN08B101,AN08B101,6,,
555726,DNa13,DNa13,10,,
555795,DNge172,DNge172,8,reproduction,Braun 2024??
555850,DNge077,DNge077,9,,
555871,DNpe017,DNpe017,10,,
555991,AN03A002,AN03A002,0,"front leg walking, pushing, grooming",Chen 2023
556077,AN05B053,AN05B053,12,,
556286,DNp32,DNp32,10,neuromodulatory,Carlsson 2010 (im)
556329,DNge104,DNge104,12,,
556450,DNge045,DNge045,6,,
556539,AN27X018,AN27X018,7,,
556570,AN05B010,AN05B010,11,,
556586,AN27X008,AN27X008,3,flight,Cheong 2024
556760,AN09B028,AN09B028,12,,
556793,DNge111,DNge111,3,,
556836,AN05B101,AN05B101,7,,
556847,AN08B050,AN08B050,11,,
557308,AN18B019,AN18B019,11,,
557817,AN04B051,AN04B051,6,,
558778,AN08B012,AN08B012,12,,
558850,AN05B099,AN05B099,12,,
558926,ANXXX462b,ANXXX462b,5,,
559107,AN09B032,AN09B032,12,,
563656,AN09B023,AN09B023,12,,
564864,DNp19,DNp19,3,,
564865,DNge070,DNge070,0,,
565022,DNpe008,DNpe008,2,,
572998,AN06A092,AN06A092,2,,
574147,DNg36_a,DNg36_a,1,,
574186,AN09B004,AN09B004,12,,
574287,AN07B071_b,AN07B071_b,0,,
574357,AN09A005,AN09A005,6,,
574821,AN05B058,AN05B058,12,,
575082,DNpe021,DNpe021,8,,
575398,AN05B050_b,AN05B050_b,11,,
575669,DNg71,DNg71,1,,
800012,AN19B001,AN19B001,8,,
800099,DNge079,DNge079,10,,
800658,AN07B005,AN07B005,12,,
800794,AN04B004,AN04B004,11,,
800845,DNp12,DNp12,8,,
800868,DNpe002,DNpe002,10,,
800932,AN17A013,AN17A013,12,,
801153,AN14A003,AN14A003,6,,
801204,AN06B089,AN06B089,0,,
801206,AN17A018,AN17A018,12,,
801269,AN05B023b,AN05B023b,5,,
801341,AN19B032,AN19B032,12,,
801562,DNge088,DNge088,1,,
801976,DNpe032,DNpe032,10,,
802126,AN10B008,AN10B008,0,,
802244,ANXXX008,ANXXX008,6,,
802749,AN06B005,AN06B005,11,,
802893,DNpe016,DNpe016,10,,
803318,AN06B051,AN06B051,2,,
803433,DNp57,DNp57,10,,
804351,AN27X019,AN27X019,7,,
804399,AN12A017,AN12A017,9,,
804883,AN08B079_b,AN08B079_b,2,,
805362,AN27X011,AN27X011,6,,
805992,AN27X011,AN27X011,6,,
806010,AN08B024,AN08B024,2,,
806031,AN08B022,AN08B022,11,,
806770,AN07B046_b,AN07B046_b,2,,
808300,AN07B072_b,AN07B072_b,2,,
808335,AN09B018,AN09B018,7,,
808752,IN10B058,IN10B058,2,,
809303,AN06A092,AN06A092,2,,
809423,AN07B062,AN07B062,6,,
810175,AN07B091,AN07B091,2,,
810313,AN07B101_a,AN07B101_a,6,,
810722,ANXXX150,ANXXX150,7,reproduction,Feng 2014
810937,DNg46,DNg46,1,,
811253,AN07B050,AN07B050,2,,
811494,AN07B050,AN07B050,2,,
812060,AN19B099,AN19B099,2,,
812511,DNge019,DNge019,9,,
813430,AN07B071_b,AN07B071_b,0,,
813443,DNg106,DNg106,4,,
813689,AN27X009,AN27X009,7,,
813798,AN07B069_a,AN07B069_a,0,,
814109,AN07B089,AN07B089,2,,
814460,AN08B098,AN08B098,6,,
814923,AN19B104,AN19B104,2,,
815332,AN07B056,AN07B056,0,,
815666,AN07B072_e,AN07B072_e,0,,
815690,AN07B091,AN07B091,2,,
816071,AN10B061,AN10B061,2,,
816191,IN10B058,IN10B058,2,,
817019,AN27X018,AN27X018,7,,
817088,AN19B101,AN19B101,2,,
817207,AN16B078_c,AN16B078_c,0,,
817587,AN07B069_b,AN07B069_b,0,,
818423,AN16B116,AN16B116,0,,
818789,DNg12_f,DNg12_f,2,ventral head grooming and front leg rubbing,Guo 2022
820501,AN10B045,AN10B045,6,,
823201,AN07B072_b,AN07B072_b,2,,
841616,AN10B046,AN10B046,6,,
901888,AN06B051,AN06B051,2,,
903455,dMS9,dMS9,6,pulse song,Lillvis 2024
903466,ANXXX023,ANXXX023,0,,
905528,AN27X019,AN27X019,7,,
906020,ANXXX145,ANXXX145,11,,
907674,AN03B050,AN03B050,0,,
908298,AN07B060,AN07B060,2,,
908760,AN05B050_c,AN05B050_c,11,,
908951,AN08B047,AN08B047,2,,
909426,AN10B061,AN10B061,2,,
909558,DNge061,DNge061,9,,
909612,DNg11,DNg11,1,front leg rubbing,Guo 2022
909723,AN10B034,AN10B034,6,,
910030,AN09B029,AN09B029,12,,
911586,AN10B034,AN10B034,6,,
912096,AN09B036,AN09B036,12,,
914071,AN07B056,AN07B056,0,,
915422,AN05B036,AN05B036,3,,
922722,AN09B017g,AN09B017g,5,,
923203,DNpe005,DNpe005,10,,
924571,DNp64,DNp64,8,,
924718,DNge095,DNge095,1,,
928257,AN08B031,AN08B031,9,wing vibration,Lillvis 2024
928701,AN02A016,AN02A016,6,,
930768,AN10B020,AN10B020,2,,
932684,ANXXX084,ANXXX084,7,,
932790,ANXXX092,ANXXX092,12,,
934779,AN17A062,AN17A062,12,,
935616,AN07B062,AN07B062,6,,
944267,AN10B045,AN10B045,6,,
946718,DNge106,DNge106,11,,
946890,AN10B047,AN10B047,6,,
953893,AN07B045,AN07B045,11,,
102109621,AN10B033,AN10B033,2,,
129453660,AN19B098,AN19B098,2,,
142338522,DNpe039,DNpe039,10,,
160324150,AN07B070,AN07B070,2,,
234536207,AN19B101,AN19B101,2,,
279432259,AN08B107,AN08B107,6,,
298793906,AN10B045,AN10B045,6,,
379170143,AN10B045,AN10B045,6,,
392026170,AN12B060,AN12B060,9,,
397041555,AN19B051,AN19B051,11,,
404805873,AN19B098,AN19B098,2,,
431600445,AN07B091,AN07B091,2,,
442999519,AN12B055,AN12B055,3,,
455924920,AN10B037,AN10B037,6,,
806836876,AN10B062,AN10B062,6,,
849794333,AN08B113,AN08B113,6,proboscis extension,Chen 2023
952799814,AN10B046,AN10B046,6,,
954432908,AN04B004,AN04B004,11,,
970740632,AN12B089,AN12B089,6,,
1050379364,AN19B014,AN19B014,0,,
1051967587,AN08B113,AN08B113,6,proboscis extension,Chen 2023
1055278121,AN12B011,AN12B011,9,,
