compartment,roi,roi_base,roi_side,PreSyn,PostSyn,presyn_traced_frac,postsyn_traced_frac,conn_traced_frac,synweight_traced_frac
CNS Major Compartments,CV,CV,C,28414,122569,0.3943478566903639,0.2968274059858724,0.0557184271773304,0.3191294761340901
CNS Major Compartments,CentralBrain,CentralBrain,C,20311220,146214930,0.9451066229265028,0.3684828438071236,0.3510271943406688,0.6613760206937297
CNS Major Compartments,Optic(L),Optic,L,7571353,51395970,0.9288246436959416,0.4511466119882947,0.4297258661077105,0.6994233799577853
CNS Major Compartments,Optic(R),Optic,R,7341747,49395720,0.9493628437290408,0.5530267388521949,0.5379404733588397,0.7595108723984048
CNS Major Compartments,VNC,VNC,C,10371748,64552116,0.910940647827967,0.4026225015376023,0.3723366235384103,0.656741170447883
Central Brain,AB(L),AB,L,798,6291,0.9245283018867924,0.4063979108862412,0.380120776889179,0.6736575811979761
Central Brain,AB(R),AB,R,3401,26429,0.9453102028815056,0.3950877461874473,0.3745497739290367,0.6736531534983524
Central Brain,AL(L),AL,L,626980,3310043,0.8668171341526634,0.5502161394613567,0.4850752496731298,0.7043037999179952
Central Brain,AL(R),AL,R,656660,3438694,0.9201700828940896,0.5998703228483807,0.5559878773980524,0.7610451117010348
Central Brain,AOTU(L),AOTU,L,147089,965896,0.9691754273823934,0.5367342068951207,0.5232002240966105,0.7547656841690269
Central Brain,AOTU(R),AOTU,R,144791,941900,0.980567433699234,0.6044947791198859,0.5952867838122378,0.7938558719865105
Central Brain,ATL(L),ATL,L,25938,199360,0.9577350625289486,0.2784151806220462,0.2675901068727224,0.6242280563863342
Central Brain,ATL(R),ATL,R,22856,177856,0.951396794815658,0.2425730953975805,0.2316209516285088,0.6040539534777207
Central Brain,AVLP(L),AVLP,L,1002602,7790490,0.9725808205403432,0.3581794332805136,0.3495845438735829,0.6686419765799884
Central Brain,AVLP(R),AVLP,R,934567,7186034,0.9834606728104976,0.4686857145727728,0.4626043183899266,0.728119755823173
Central Brain,BU(L),BU,L,10112,57066,0.956039603960396,0.3617426917102104,0.3471967236266064,0.6653544697076684
Central Brain,BU(R),BU,R,9905,58898,0.9652525252525253,0.3521346427408435,0.3413028947503728,0.6640958404031055
Central Brain,CA(L),CA,L,63065,495052,0.9513661895845896,0.4999928816503182,0.4853697575896861,0.7358593983570849
Central Brain,CA(R),CA,R,71181,532379,0.94943204183771,0.5652297097438939,0.5471630756909803,0.7663359959503541
Central Brain,CAN(L),CAN,L,16332,122423,0.9494361363079186,0.363677870846166,0.3460124023542889,0.6591095873353201
Central Brain,CAN(R),CAN,R,16331,121896,0.9508367559615032,0.3404721444755431,0.3250699720111955,0.648307343729175
Central Brain,CRE(L),CRE,L,218229,1676981,0.9677327634439176,0.3249115049040907,0.3159458473804127,0.6504786739155816
Central Brain,CRE(R),CRE,R,213791,1609159,0.9543392463377296,0.3121672495390694,0.2995330115450795,0.6382110682353059
Central Brain,EB,EB,C,186469,921449,0.9728923740358932,0.7932102825226032,0.7740286620914869,0.8840862667424727
Central Brain,EPA(L),EPA,L,45268,336261,0.9648036788114608,0.3254233005561789,0.3147689706930728,0.6488643302541458
Central Brain,EPA(R),EPA,R,36722,276828,0.9604664468844508,0.3076141166834861,0.2960964123265031,0.6378705775671684
Central Brain,FB,FB,C,460038,2917059,0.9703178875327736,0.5636738848673297,0.5489047003818249,0.7695237938241765
Central Brain,FLA(L),FLA,L,105587,787132,0.8948759985974621,0.2878033183479912,0.2600759411424044,0.595181962116747
Central Brain,FLA(R),FLA,R,102839,759837,0.9205230996769548,0.2874567261370809,0.2650692714043656,0.6081305026745074
Central Brain,GNG,GNG,C,2068906,14620320,0.9077091038142036,0.3536645229700866,0.3220257214734311,0.6327009374604743
Central Brain,GOR(L),GOR,L,47826,351957,0.9488145311486388,0.3184912720364478,0.3030765854982417,0.6377707458756546
Central Brain,GOR(R),GOR,R,49375,365715,0.953737304113366,0.3178759824939955,0.304685463249039,0.6407511052190746
Central Brain,IB,IB,C,262094,2132615,0.9647407758021788,0.2797519578665047,0.2710069311453271,0.6260063589877445
Central Brain,ICL(L),ICL,L,284153,2235900,0.9696582415299738,0.3008791325675665,0.2926475744756798,0.6381744816290769
Central Brain,ICL(R),ICL,R,267657,2109288,0.9622111927524424,0.2894916921548824,0.2796125313678158,0.6288937278694239
Central Brain,IPS(L),IPS,L,183045,1321813,0.9668342807170968,0.3404940514474354,0.3299785407071203,0.6569130776710571
Central Brain,IPS(R),IPS,R,192493,1357899,0.9637819746593352,0.3489029812452356,0.3371445478301363,0.6598022044189227
Central Brain,LAL(L),LAL,L,341006,2562333,0.9770912419251688,0.3453071616403995,0.3385934305328302,0.6638449991184743
Central Brain,LAL(R),LAL,R,304191,2302001,0.9746623565817036,0.3427361952524415,0.3354986211960584,0.6615216509129634
Central Brain,LH(L),LH,L,328438,2857054,0.963376198640044,0.2536642693771146,0.2455427629845376,0.6140362650064821
Central Brain,LH(R),LH,R,325009,2764553,0.9672412678774224,0.3207778521384427,0.3121656269300803,0.6483590386559533
Central Brain,NO,NO,C,42043,241539,0.9747621313035204,0.8280636426589926,0.8116470876061022,0.90343715142292
Central Brain,PB,PB,C,51265,398413,0.9777565315798716,0.4459077796740723,0.439121394733,0.7153544476496856
Central Brain,PED(L),PED,L,27912,117772,0.976324568640815,0.7408174180080396,0.7234787709400825,0.8581206976864552
Central Brain,PED(R),PED,R,29934,128963,0.9785475234270417,0.7348906513615364,0.7205263240882358,0.8563685530029486
Central Brain,PLP(L),PLP,L,505437,3949981,0.9622095554763884,0.2983406014352188,0.2877516483729145,0.6337925741608665
Central Brain,PLP(R),PLP,R,537370,4144808,0.9597063937362011,0.3485260173652851,0.3359384171762831,0.6575403836507461
Central Brain,PRW,PRW,C,205610,1513368,0.8983128379068873,0.2932137260545588,0.2644512136620934,0.5999738825460786
Central Brain,PVLP(L),PVLP,L,652275,4692949,0.9698617994896456,0.4138190462165952,0.4026882627210789,0.6942127374313155
Central Brain,PVLP(R),PVLP,R,585840,4194393,0.9782171793492644,0.5041681902506282,0.4950072772600121,0.7430276564634865
Central Brain,SAD,SAD,C,660149,4386118,0.8673860060748259,0.3865526948598375,0.3356744242417565,0.6257418772248283
Central Brain,SCL(L),SCL,L,273275,2224227,0.9616529324981788,0.2413373080890143,0.2327809534249653,0.6061728148998075
Central Brain,SCL(R),SCL,R,260767,2103310,0.9613773259159792,0.2769873559111283,0.2681549822921446,0.6235928793059019
Central Brain,SIP(L),SIP,L,285190,2189324,0.9598271138038822,0.2886765915469347,0.2784144446521978,0.6293017613699687
Central Brain,SIP(R),SIP,R,288643,2220596,0.9372933289890538,0.2900421503486505,0.2751338362082661,0.6198211946441913
Central Brain,SLP(L),SLP,L,690626,5535740,0.9605320133408832,0.2426435212628457,0.2339775905794145,0.6064127524504073
Central Brain,SLP(R),SLP,R,678713,5297255,0.950938101926016,0.2841088099908725,0.2730585588307212,0.6224229828253467
Central Brain,SMP(L),SMP,L,614783,4776045,0.9664564602674112,0.2874749041181648,0.2789145368474019,0.6314155423655509
Central Brain,SMP(R),SMP,R,631061,4929999,0.9634400523688836,0.2737885148085743,0.2647425360390075,0.6233741688182163
Central Brain,SPS(L),SPS,L,339702,2627002,0.9673623014260218,0.3125973103608019,0.3030768098001408,0.6432910881733493
Central Brain,SPS(R),SPS,R,341261,2613290,0.9661641020529612,0.3125440813419449,0.3026875799531057,0.6426313330274844
Central Brain,VES(L),VES,L,268071,2042735,0.9674807063635412,0.3351620320737,0.3248725209671894,0.6539715048317573
Central Brain,VES(R),VES,R,273946,2070020,0.9638403307028532,0.3203628968576961,0.3096951481739747,0.6453302784169184
Central Brain,WED(L),WED,L,303984,2326783,0.9680401513904888,0.3257041347106905,0.3160432520270331,0.6503299107071394
Central Brain,WED(R),WED,R,289169,2184159,0.9780537256421612,0.3837403863292093,0.3768029302841625,0.6833272155253846
Central Brain,a'L(L),a'L,L,27181,133684,0.9686014372581536,0.6455533303381739,0.6303617797339385,0.8076802997190135
Central Brain,a'L(R),a'L,R,33771,179812,0.9504909376761296,0.5641670260822191,0.5413422468390348,0.759644632601639
Central Brain,aL(L),aL,L,59886,254760,0.9640313033008928,0.745930565269918,0.7219828956571501,0.8547183982959242
Central Brain,aL(R),aL,R,70007,295084,0.9535788344654988,0.7344687697916845,0.7045993735129491,0.8430923811643074
Central Brain,b'L(L),b'L,L,61986,285643,0.960598527892562,0.7740571038145517,0.7427334744434544,0.8669485347204857
Central Brain,b'L(R),b'L,R,52256,254569,0.91691741571957,0.66066718386346,0.6085257902170237,0.790322452308488
Central Brain,bL(L),bL,L,56287,238885,0.966973585978883,0.7872868855559151,0.7624926983219799,0.877184725099702
Central Brain,bL(R),bL,R,49337,229527,0.951022976374117,0.6894253056602438,0.6576605269211034,0.8203748429676027
Central Brain,gL(L),gL,L,184946,878358,0.9660549267427012,0.7163741549811097,0.6926023714435802,0.841225337606122
Central Brain,gL(R),gL,R,173166,807815,0.9579384400099458,0.7239970273022768,0.695566226350413,0.8410914154595295
Optic Right,AME(R),AME,R,8041,47711,0.977971375233354,0.5616426792723589,0.5538766724348964,0.7730236778795425
Optic Right,LA(R),LA,R,288703,1037059,0.330016089211906,0.3557716362104987,0.1486874017809107,0.3508489703113937
Optic Right,LO(R),LO,R,1942110,14427068,0.9781187838917093,0.5135190214470686,0.503964647679867,0.747646874539315
Optic Right,LOP(R),LOP,R,879665,6144193,0.9804026561801892,0.6060160696492618,0.5958587770532419,0.7945512247350254
Optic Right,ME(R),ME,R,4141576,27365056,0.974824128926886,0.5698267720542015,0.5586535454243582,0.7744352761363674
Optic Left,AME(L),AME,L,2659,16073,0.95473406261788,0.4544633642930856,0.4379514963880289,0.709204076367389
Optic Left,LA(L),LA,L,237067,811749,0.2576514018770538,0.3249334481388917,0.1234706641369969,0.302324935915307
Optic Left,LO(L),LO,L,2002472,14970636,0.958516689466006,0.4069688695053104,0.3917614335576314,0.6858685538003906
Optic Left,LOP(L),LOP,L,863019,6027458,0.9625376929263616,0.4937475259022757,0.4769958996272373,0.7302888083581568
Optic Left,ME(L),ME,L,4268320,28398256,0.9485520842900818,0.4698882308403468,0.4501871244147438,0.7131398355482208
VNC,ANm,ANm,C,1227300,7755078,0.9436867299821854,0.4782882601435519,0.4553287681732539,0.715089987181895
VNC,HTct(UTct-T3)(L),HTct(UTct-T3),L,119375,733295,0.973932795225762,0.4157932851192824,0.4059296961635338,0.6968389244867924
VNC,HTct(UTct-T3)(R),HTct(UTct-T3),R,122664,742632,0.9629505762971784,0.3913796679232392,0.3782676648760168,0.6795943181771971
VNC,IntTct,IntTct,C,416926,2435726,0.9452425767295356,0.3713316634623308,0.3519060587828272,0.6604987169543806
VNC,LTct,LTct,C,453094,2716905,0.9495155363988058,0.405758148291612,0.3878103172069729,0.6803646669249017
VNC,LegNp(T1)(L),LegNp(T1),L,1003932,6430939,0.8734275578243288,0.3222006613243341,0.2899301398869047,0.5978123364856346
VNC,LegNp(T1)(R),LegNp(T1),R,900060,5500030,0.8716187386106049,0.274687866906744,0.2461362733647944,0.5755629158731722
VNC,LegNp(T2)(L),LegNp(T2),L,987103,6420731,0.9154889905691348,0.4323373181427681,0.3987128759817748,0.6704282781093773
VNC,LegNp(T2)(R),LegNp(T2),R,918240,5834664,0.92750682377134,0.414964094577725,0.3862251652445949,0.6692359746375468
VNC,LegNp(T3)(L),LegNp(T3),L,1167969,7752288,0.8834044469790187,0.3857660247197471,0.3456945848445407,0.6336006407627143
VNC,LegNp(T3)(R),LegNp(T3),R,1192842,7897069,0.8838795088193521,0.3937804231113708,0.3515234250984139,0.6374487517332108
VNC,NTct(UTct-T1)(L),NTct(UTct-T1),L,62926,370818,0.9674715276452248,0.3585170144313734,0.3476131891103284,0.6640432342389914
VNC,NTct(UTct-T1)(R),NTct(UTct-T1),R,57521,335446,0.9591449839988868,0.3427021992548972,0.3294285542603052,0.6523419661098425
VNC,Ov(L),Ov,L,248070,1440379,0.9686643006936604,0.5704666379212907,0.5541292174420244,0.7709991250800614
VNC,Ov(R),Ov,R,222531,1286435,0.9606116191452438,0.5215854570341706,0.5026418814977667,0.7426116774052919
VNC,WTct(UTct-T2)(L),WTct(UTct-T2),L,322195,1712468,0.9645031780088618,0.5039281251887253,0.4872569730891616,0.7360366714921716
VNC,WTct(UTct-T2)(R),WTct(UTct-T2),R,327755,1733545,0.9515951796637486,0.4706923089404887,0.4492978625257013,0.7134269593900746
VNC,mVAC(T1)(L),mVAC(T1),L,39025,210000,0.822139558748076,0.4121424429841515,0.354609586393506,0.6068660610746038
VNC,mVAC(T1)(R),mVAC(T1),R,34951,181811,0.7549833887043189,0.3486109639904331,0.2822784316130435,0.5440739481181252
VNC,mVAC(T2)(L),mVAC(T2),L,52213,282950,0.8795728200015338,0.4714915647594394,0.4236222440417745,0.6679121663840043
VNC,mVAC(T2)(R),mVAC(T2),R,49571,259004,0.8835584630605529,0.4842907965850066,0.4371612380325211,0.6809919223170832
VNC,mVAC(T3)(L),mVAC(T3),L,25018,136218,0.8692781690140845,0.5658687522260477,0.499859016977324,0.715373827614864
VNC,mVAC(T3)(R),mVAC(T3),R,28360,157746,0.9340345180531536,0.5883272771550702,0.5527912893571479,0.7595344753555201
